ts,wired,nyt,guardian,popsci,healthday,newsmed,medpage
2021-03-19 16:55:14.295042,65 (+3),188 (+8),169 (+6),184 (+10),30 (+30),10 (+10),20 (+20)
2021-03-19 18:00:03.694905,65 (+0),188 (+0),169 (+0),184 (+0),30 (+0),14 (+4),20 (+0)
2021-03-20 18:00:04.826684,66 (+1),195 (+7),176 (+7),185 (+1),31 (+1),16 (+2),27 (+7)
2021-03-21 18:00:05.399151,67 (+1),200 (+5),181 (+5),186 (+1),31 (+0),26 (+10),34 (+7)
2021-03-22 18:00:04.141584,68 (+1),214 (+14),193 (+12),196 (+10),57 (+26),36 (+10),48 (+14)
2021-03-23 18:00:05.252802,69 (+1),231 (+17),199 (+6),196 (+0),84 (+27),46 (+10),67 (+19)
2021-03-24 18:00:04.115948,70 (+1),241 (+10),207 (+8),196 (+0),113 (+29),56 (+10),87 (+20)
2021-03-25 18:00:04.615134,72 (+2),253 (+12),219 (+12),196 (+0),143 (+30),66 (+10),103 (+16)
2021-03-26 18:00:06.894345,77 (+5),261 (+8),226 (+7),196 (+0),171 (+28),76 (+10),117 (+14)
2021-03-27 18:00:04.809646,78 (+1),264 (+3),231 (+5),196 (+0),172 (+1),86 (+10),122 (+5)
2021-03-28 18:00:08.434122,80 (+2),269 (+5),240 (+9),196 (+0),173 (+1),89 (+3),127 (+5)
2021-03-29 14:13:02.872227,82 (+2),278 (+9),245 (+5),203 (+7),197 (+24),99 (+10),139 (+12)
2021-03-29 18:00:03.749212,82 (+0),283 (+5),246 (+1),203 (+0),202 (+5),109 (+10),143 (+4)
2021-03-30 18:00:04.360541,84 (+2),295 (+12),256 (+10),213 (+10),229 (+27),119 (+10),155 (+12)
2021-03-31 18:00:07.529129,87 (+3),305 (+10),264 (+8),213 (+0),253 (+24),129 (+10),175 (+20)
2021-03-31 21:00:03.960830,87 (+0),306 (+1),264 (+0),213 (+0),253 (+0),139 (+10),175 (+0)
2021-03-31 22:00:03.784854,87 (+0),306 (+0),265 (+1),213 (+0),253 (+0),142 (+3),176 (+1)
2021-03-31 23:00:03.424462,87 (+0),306 (+0),266 (+1),213 (+0),253 (+0),152 (+10),176 (+0)
2021-04-01 00:00:03.992414,87 (+0),306 (+0),266 (+0),213 (+0),253 (+0),154 (+2),176 (+0)
2021-04-01 01:00:03.917158,87 (+0),306 (+0),266 (+0),213 (+0),253 (+0),154 (+0),176 (+0)
2021-04-01 02:00:03.367669,87 (+0),306 (+0),266 (+0),213 (+0),253 (+0),154 (+0),176 (+0)
2021-04-01 03:00:03.287087,87 (+0),309 (+3),267 (+1),213 (+0),253 (+0),154 (+0),176 (+0)
2021-04-01 04:00:03.465728,87 (+0),310 (+1),267 (+0),213 (+0),253 (+0),158 (+4),176 (+0)
2021-04-01 05:00:03.224626,88 (+1),312 (+2),267 (+0),213 (+0),255 (+2),168 (+10),176 (+0)
2021-04-01 06:00:03.291879,88 (+0),313 (+1),267 (+0),213 (+0),262 (+7),172 (+4),176 (+0)
2021-04-01 07:00:03.611972,89 (+1),315 (+2),267 (+0),213 (+0),263 (+1),172 (+0),177 (+1)
2021-04-01 08:00:03.014149,89 (+0),315 (+0),267 (+0),213 (+0),266 (+3),173 (+1),177 (+0)
2021-04-01 09:00:03.868317,89 (+0),315 (+0),267 (+0),213 (+0),268 (+2),174 (+1),179 (+2)
2021-04-01 10:00:03.976881,89 (+0),315 (+0),268 (+1),213 (+0),270 (+2),175 (+1),180 (+1)
2021-04-01 11:00:03.653646,90 (+1),315 (+0),268 (+0),213 (+0),270 (+0),179 (+4),181 (+1)
2021-04-01 12:00:03.570896,90 (+0),315 (+0),269 (+1),213 (+0),278 (+8),187 (+8),183 (+2)
2021-04-01 13:00:03.277339,90 (+0),315 (+0),270 (+1),213 (+0),279 (+1),187 (+0),185 (+2)
2021-04-01 14:00:04.174511,90 (+0),315 (+0),270 (+0),213 (+0),279 (+0),187 (+0),187 (+2)
2021-04-01 15:00:02.921641,90 (+0),316 (+1),272 (+2),213 (+0),279 (+0),187 (+0),189 (+2)
2021-04-01 16:00:03.738857,90 (+0),318 (+2),272 (+0),213 (+0),282 (+3),187 (+0),191 (+2)
2021-04-01 17:00:03.204841,90 (+0),319 (+1),272 (+0),213 (+0),282 (+0),190 (+3),193 (+2)
2021-04-01 18:00:03.397775,90 (+0),319 (+0),272 (+0),213 (+0),282 (+0),196 (+6),193 (+0)
2021-04-01 19:00:03.395882,90 (+0),319 (+0),272 (+0),213 (+0),282 (+0),201 (+5),193 (+0)
2021-04-01 20:00:03.113122,90 (+0),319 (+0),272 (+0),213 (+0),282 (+0),205 (+4),193 (+0)
2021-04-01 21:00:02.973196,90 (+0),319 (+0),272 (+0),213 (+0),282 (+0),205 (+0),193 (+0)
2021-04-01 22:00:03.612350,90 (+0),319 (+0),272 (+0),213 (+0),282 (+0),207 (+2),194 (+1)
2021-04-01 23:00:03.388487,90 (+0),319 (+0),273 (+1),213 (+0),282 (+0),216 (+9),194 (+0)
2021-04-02 00:00:07.438017,90 (+0),319 (+0),273 (+0),213 (+0),282 (+0),218 (+2),194 (+0)
2021-04-02 01:00:03.662581,90 (+0),319 (+0),274 (+1),213 (+0),282 (+0),222 (+4),194 (+0)
2021-04-02 02:00:03.601922,90 (+0),319 (+0),275 (+1),213 (+0),282 (+0),222 (+0),194 (+0)
2021-04-02 03:00:03.751291,90 (+0),319 (+0),276 (+1),213 (+0),282 (+0),222 (+0),194 (+0)
2021-04-02 04:00:03.673435,90 (+0),319 (+0),278 (+2),213 (+0),282 (+0),223 (+1),194 (+0)
2021-04-02 05:00:03.338332,90 (+0),319 (+0),279 (+1),213 (+0),284 (+2),223 (+0),194 (+0)
2021-04-02 06:00:03.487591,92 (+2),319 (+0),280 (+1),213 (+0),293 (+9),223 (+0),194 (+0)
2021-04-02 07:00:03.097305,92 (+0),319 (+0),281 (+1),213 (+0),293 (+0),225 (+2),195 (+1)
2021-04-02 08:00:03.335449,92 (+0),319 (+0),282 (+1),223 (+10),293 (+0),228 (+3),195 (+0)
2021-04-02 09:00:03.503517,92 (+0),321 (+2),283 (+1),223 (+0),293 (+0),229 (+1),196 (+1)
2021-04-02 10:00:03.595872,92 (+0),323 (+2),284 (+1),223 (+0),295 (+2),231 (+2),197 (+1)
2021-04-02 11:00:03.530911,92 (+0),323 (+0),285 (+1),223 (+0),295 (+0),231 (+0),198 (+1)
2021-04-02 12:00:02.835801,93 (+1),324 (+1),286 (+1),223 (+0),295 (+0),231 (+0),199 (+1)
2021-04-02 13:00:03.363312,93 (+0),324 (+0),287 (+1),223 (+0),300 (+5),231 (+0),200 (+1)
2021-04-02 14:00:03.184905,93 (+0),326 (+2),288 (+1),223 (+0),301 (+1),231 (+0),201 (+1)
2021-04-02 15:00:03.421818,93 (+0),328 (+2),289 (+1),223 (+0),301 (+0),231 (+0),203 (+2)
2021-04-02 16:00:03.594094,93 (+0),329 (+1),291 (+2),223 (+0),301 (+0),231 (+0),205 (+2)
2021-04-02 17:00:03.288912,93 (+0),329 (+0),293 (+2),223 (+0),301 (+0),231 (+0),205 (+0)
2021-04-02 18:00:03.725686,93 (+0),330 (+1),294 (+1),223 (+0),301 (+0),231 (+0),205 (+0)
2021-04-02 19:00:03.183728,93 (+0),331 (+1),294 (+0),223 (+0),301 (+0),233 (+2),205 (+0)
2021-04-02 20:00:03.428521,93 (+0),332 (+1),294 (+0),223 (+0),301 (+0),237 (+4),205 (+0)
2021-04-02 21:00:03.224729,93 (+0),332 (+0),294 (+0),223 (+0),301 (+0),238 (+1),205 (+0)
2021-04-02 22:00:03.443679,93 (+0),332 (+0),294 (+0),223 (+0),301 (+0),238 (+0),205 (+0)
2021-04-02 23:00:03.674296,93 (+0),332 (+0),294 (+0),223 (+0),301 (+0),238 (+0),205 (+0)
2021-04-03 00:00:03.109923,93 (+0),332 (+0),295 (+1),223 (+0),301 (+0),238 (+0),205 (+0)
2021-04-03 01:00:02.995070,93 (+0),332 (+0),296 (+1),223 (+0),301 (+0),238 (+0),205 (+0)
2021-04-03 02:00:03.179749,93 (+0),332 (+0),297 (+1),223 (+0),301 (+0),238 (+0),205 (+0)
2021-04-03 03:00:03.322454,93 (+0),333 (+1),298 (+1),223 (+0),301 (+0),238 (+0),205 (+0)
2021-04-03 04:00:03.949242,93 (+0),333 (+0),299 (+1),223 (+0),301 (+0),238 (+0),205 (+0)
2021-04-03 05:00:03.467452,93 (+0),334 (+1),300 (+1),223 (+0),301 (+0),238 (+0),205 (+0)
2021-04-03 06:00:03.570230,94 (+1),334 (+0),301 (+1),223 (+0),301 (+0),238 (+0),205 (+0)
2021-04-03 07:00:03.574409,94 (+0),335 (+1),302 (+1),223 (+0),302 (+1),238 (+0),205 (+0)
2021-04-03 08:00:03.468394,94 (+0),335 (+0),303 (+1),223 (+0),302 (+0),238 (+0),206 (+1)
2021-04-03 09:00:05.758617,94 (+0),335 (+0),304 (+1),223 (+0),302 (+0),238 (+0),206 (+0)
2021-04-03 10:00:03.546241,94 (+0),335 (+0),307 (+3),223 (+0),302 (+0),238 (+0),207 (+1)
2021-04-03 11:00:03.478698,94 (+0),336 (+1),308 (+1),223 (+0),302 (+0),238 (+0),207 (+0)
2021-04-03 12:00:03.718853,94 (+0),337 (+1),310 (+2),223 (+0),302 (+0),242 (+4),208 (+1)
2021-04-03 13:00:03.567708,94 (+0),338 (+1),311 (+1),223 (+0),302 (+0),242 (+0),208 (+0)
2021-04-03 14:00:03.136153,94 (+0),339 (+1),313 (+2),223 (+0),302 (+0),242 (+0),208 (+0)
2021-04-03 15:00:03.340262,94 (+0),339 (+0),314 (+1),223 (+0),302 (+0),242 (+0),209 (+1)
2021-04-03 16:00:03.480108,94 (+0),340 (+1),315 (+1),223 (+0),302 (+0),242 (+0),209 (+0)
2021-04-03 17:00:02.878238,94 (+0),340 (+0),316 (+1),223 (+0),302 (+0),242 (+0),209 (+0)
2021-04-03 18:00:03.417215,94 (+0),340 (+0),316 (+0),223 (+0),302 (+0),242 (+0),209 (+0)
2021-04-03 19:00:03.363548,94 (+0),340 (+0),316 (+0),223 (+0),302 (+0),242 (+0),209 (+0)
2021-04-03 20:00:03.310651,94 (+0),340 (+0),316 (+0),223 (+0),302 (+0),242 (+0),209 (+0)
2021-04-03 21:00:03.552959,94 (+0),342 (+2),316 (+0),223 (+0),302 (+0),242 (+0),209 (+0)
2021-04-03 22:00:03.430007,94 (+0),344 (+2),316 (+0),223 (+0),302 (+0),242 (+0),209 (+0)
2021-04-03 23:00:03.031496,94 (+0),344 (+0),316 (+0),223 (+0),302 (+0),242 (+0),209 (+0)
2021-04-04 00:00:03.123401,94 (+0),344 (+0),318 (+2),223 (+0),302 (+0),242 (+0),209 (+0)
2021-04-04 01:00:03.115505,94 (+0),344 (+0),318 (+0),223 (+0),302 (+0),242 (+0),209 (+0)
2021-04-04 02:00:02.941956,94 (+0),344 (+0),319 (+1),223 (+0),302 (+0),242 (+0),209 (+0)
2021-04-04 03:00:03.779196,94 (+0),344 (+0),319 (+0),223 (+0),302 (+0),242 (+0),209 (+0)
2021-04-04 04:00:04.490677,94 (+0),344 (+0),322 (+3),223 (+0),302 (+0),242 (+0),209 (+0)
2021-04-04 05:00:02.863640,94 (+0),344 (+0),323 (+1),223 (+0),302 (+0),242 (+0),209 (+0)
2021-04-04 06:00:03.440591,95 (+1),344 (+0),323 (+0),223 (+0),303 (+1),242 (+0),209 (+0)
2021-04-04 07:00:03.579547,95 (+0),344 (+0),324 (+1),223 (+0),303 (+0),242 (+0),209 (+0)
2021-04-04 08:00:03.461460,96 (+1),344 (+0),326 (+2),223 (+0),303 (+0),242 (+0),210 (+1)
2021-04-04 09:00:03.452046,96 (+0),344 (+0),326 (+0),223 (+0),303 (+0),242 (+0),210 (+0)
2021-04-04 10:00:02.824791,96 (+0),344 (+0),326 (+0),223 (+0),303 (+0),242 (+0),211 (+1)
2021-04-04 11:00:03.035759,96 (+0),345 (+1),326 (+0),223 (+0),303 (+0),242 (+0),211 (+0)
2021-04-04 12:00:03.012560,96 (+0),346 (+1),326 (+0),223 (+0),303 (+0),242 (+0),212 (+1)
2021-04-04 13:00:03.611659,96 (+0),346 (+0),326 (+0),223 (+0),303 (+0),242 (+0),212 (+0)
2021-04-04 14:00:03.896432,96 (+0),346 (+0),326 (+0),223 (+0),303 (+0),242 (+0),213 (+1)
2021-04-04 15:00:02.808870,96 (+0),346 (+0),326 (+0),223 (+0),303 (+0),242 (+0),213 (+0)
2021-04-04 16:00:02.959663,96 (+0),346 (+0),326 (+0),223 (+0),303 (+0),242 (+0),214 (+1)
2021-04-04 17:00:03.238671,96 (+0),346 (+0),326 (+0),223 (+0),303 (+0),242 (+0),214 (+0)
2021-04-04 18:00:02.932388,96 (+0),346 (+0),326 (+0),223 (+0),303 (+0),242 (+0),214 (+0)
2021-04-04 19:00:03.646433,96 (+0),346 (+0),326 (+0),223 (+0),303 (+0),242 (+0),214 (+0)
2021-04-04 20:00:03.533067,96 (+0),346 (+0),326 (+0),223 (+0),303 (+0),242 (+0),214 (+0)
2021-04-04 21:00:03.563535,96 (+0),346 (+0),326 (+0),223 (+0),303 (+0),242 (+0),214 (+0)
2021-04-04 22:00:03.479259,96 (+0),346 (+0),326 (+0),223 (+0),303 (+0),244 (+2),214 (+0)
2021-04-04 23:00:03.102593,96 (+0),346 (+0),327 (+1),223 (+0),303 (+0),245 (+1),214 (+0)
2021-04-05 00:00:03.241136,96 (+0),346 (+0),328 (+1),223 (+0),303 (+0),245 (+0),214 (+0)
2021-04-05 01:00:02.790038,96 (+0),346 (+0),328 (+0),223 (+0),303 (+0),246 (+1),214 (+0)
2021-04-05 02:00:03.276733,96 (+0),346 (+0),328 (+0),223 (+0),303 (+0),246 (+0),214 (+0)
2021-04-05 03:00:02.925766,96 (+0),347 (+1),329 (+1),223 (+0),303 (+0),246 (+0),214 (+0)
2021-04-05 04:00:03.054205,96 (+0),347 (+0),329 (+0),223 (+0),303 (+0),247 (+1),214 (+0)
2021-04-05 05:00:02.996421,96 (+0),347 (+0),329 (+0),223 (+0),305 (+2),250 (+3),214 (+0)
2021-04-05 06:00:03.133402,97 (+1),347 (+0),329 (+0),223 (+0),313 (+8),254 (+4),214 (+0)
2021-04-05 07:00:03.634662,97 (+0),350 (+3),329 (+0),223 (+0),313 (+0),254 (+0),215 (+1)
2021-04-05 08:00:03.554578,97 (+0),352 (+2),330 (+1),223 (+0),314 (+1),260 (+6),215 (+0)
2021-04-05 09:00:03.460651,97 (+0),353 (+1),330 (+0),223 (+0),317 (+3),261 (+1),216 (+1)
2021-04-05 10:00:03.107817,97 (+0),354 (+1),331 (+1),223 (+0),319 (+2),265 (+4),217 (+1)
2021-04-05 11:00:03.234808,97 (+0),357 (+3),332 (+1),233 (+10),321 (+2),270 (+5),218 (+1)
2021-04-05 12:00:02.920827,97 (+0),359 (+2),332 (+0),233 (+0),321 (+0),273 (+3),219 (+1)
2021-04-05 13:00:03.549463,97 (+0),360 (+1),332 (+0),233 (+0),321 (+0),273 (+0),221 (+2)
2021-04-05 14:00:03.275945,97 (+0),360 (+0),332 (+0),233 (+0),321 (+0),273 (+0),222 (+1)
2021-04-05 15:00:03.269334,97 (+0),360 (+0),332 (+0),233 (+0),324 (+3),273 (+0),224 (+2)
2021-04-05 16:00:03.250851,97 (+0),361 (+1),332 (+0),233 (+0),324 (+0),273 (+0),226 (+2)
2021-04-05 17:00:03.345912,97 (+0),362 (+1),333 (+1),233 (+0),324 (+0),275 (+2),227 (+1)
2021-04-05 18:00:02.978686,97 (+0),362 (+0),333 (+0),233 (+0),324 (+0),279 (+4),227 (+0)
2021-04-05 19:00:03.312250,97 (+0),362 (+0),333 (+0),233 (+0),324 (+0),283 (+4),227 (+0)
2021-04-05 20:00:03.046068,97 (+0),362 (+0),333 (+0),233 (+0),324 (+0),284 (+1),227 (+0)
2021-04-05 21:00:03.383968,97 (+0),363 (+1),333 (+0),233 (+0),324 (+0),286 (+2),227 (+0)
2021-04-05 22:00:03.516189,97 (+0),363 (+0),335 (+2),233 (+0),324 (+0),294 (+8),227 (+0)
2021-04-05 23:00:03.103659,97 (+0),363 (+0),337 (+2),233 (+0),324 (+0),302 (+8),227 (+0)
2021-04-06 00:00:10.572610,97 (+0),363 (+0),338 (+1),233 (+0),324 (+0),304 (+2),227 (+0)
2021-04-06 01:00:02.822050,97 (+0),364 (+1),340 (+2),233 (+0),324 (+0),304 (+0),227 (+0)
2021-04-06 02:00:03.551608,97 (+0),364 (+0),341 (+1),233 (+0),324 (+0),304 (+0),227 (+0)
2021-04-06 03:00:02.996234,97 (+0),364 (+0),343 (+2),233 (+0),324 (+0),304 (+0),227 (+0)
2021-04-06 04:00:03.559553,97 (+0),364 (+0),344 (+1),233 (+0),324 (+0),309 (+5),227 (+0)
2021-04-06 05:00:03.447074,97 (+0),364 (+0),346 (+2),233 (+0),326 (+2),310 (+1),227 (+0)
2021-04-06 06:00:02.992654,98 (+1),364 (+0),347 (+1),233 (+0),335 (+9),312 (+2),227 (+0)
2021-04-06 07:00:03.229116,98 (+0),365 (+1),348 (+1),233 (+0),335 (+0),313 (+1),228 (+1)
2021-04-06 08:00:03.698614,98 (+0),365 (+0),349 (+1),233 (+0),335 (+0),313 (+0),228 (+0)
2021-04-06 09:00:03.590990,98 (+0),365 (+0),351 (+2),233 (+0),339 (+4),313 (+0),232 (+4)
2021-04-06 10:00:03.070028,98 (+0),365 (+0),352 (+1),233 (+0),341 (+2),313 (+0),232 (+0)
2021-04-06 11:00:03.112229,98 (+0),366 (+1),352 (+0),243 (+10),342 (+1),317 (+4),234 (+2)
2021-04-06 12:00:03.093180,98 (+0),367 (+1),353 (+1),243 (+0),342 (+0),319 (+2),235 (+1)
2021-04-06 13:00:03.509116,98 (+0),367 (+0),353 (+0),243 (+0),343 (+1),319 (+0),237 (+2)
2021-04-06 14:00:03.186691,98 (+0),368 (+1),353 (+0),243 (+0),343 (+0),319 (+0),238 (+1)
2021-04-06 15:00:03.060470,98 (+0),369 (+1),353 (+0),248 (+5),346 (+3),319 (+0),240 (+2)
2021-04-06 16:00:03.569510,98 (+0),369 (+0),354 (+1),248 (+0),346 (+0),319 (+0),241 (+1)
2021-04-06 17:00:03.692647,98 (+0),369 (+0),355 (+1),248 (+0),346 (+0),319 (+0),243 (+2)
2021-04-06 18:00:02.933854,98 (+0),370 (+1),355 (+0),248 (+0),346 (+0),327 (+8),243 (+0)
2021-04-06 19:00:03.449013,98 (+0),370 (+0),355 (+0),248 (+0),346 (+0),336 (+9),243 (+0)
2021-04-06 20:00:03.412148,98 (+0),370 (+0),355 (+0),248 (+0),346 (+0),336 (+0),243 (+0)
2021-04-06 21:00:03.331942,98 (+0),370 (+0),355 (+0),248 (+0),346 (+0),337 (+1),243 (+0)
2021-04-06 22:00:03.213343,98 (+0),370 (+0),355 (+0),248 (+0),346 (+0),347 (+10),243 (+0)
2021-04-06 23:00:02.992594,98 (+0),370 (+0),357 (+2),248 (+0),346 (+0),357 (+10),243 (+0)
2021-04-07 00:00:04.512546,98 (+0),370 (+0),357 (+0),248 (+0),346 (+0),362 (+5),243 (+0)
2021-04-07 01:00:03.107888,98 (+0),370 (+0),357 (+0),248 (+0),346 (+0),367 (+5),243 (+0)
2021-04-07 02:00:03.128548,98 (+0),371 (+1),358 (+1),248 (+0),346 (+0),368 (+1),243 (+0)
2021-04-07 03:00:03.540726,98 (+0),375 (+4),359 (+1),248 (+0),346 (+0),368 (+0),243 (+0)
2021-04-07 04:00:03.453665,98 (+0),375 (+0),360 (+1),248 (+0),346 (+0),369 (+1),243 (+0)
2021-04-07 05:00:02.950964,98 (+0),376 (+1),361 (+1),248 (+0),348 (+2),373 (+4),243 (+0)
2021-04-07 06:00:02.970578,99 (+1),376 (+0),363 (+2),248 (+0),356 (+8),379 (+6),243 (+0)
2021-04-07 07:00:03.500198,99 (+0),376 (+0),364 (+1),248 (+0),357 (+1),386 (+7),245 (+2)
2021-04-07 08:00:03.120671,100 (+1),376 (+0),366 (+2),248 (+0),359 (+2),389 (+3),249 (+4)
2021-04-07 09:00:03.153611,100 (+0),377 (+1),368 (+2),248 (+0),361 (+2),390 (+1),250 (+1)
2021-04-07 10:00:03.238717,100 (+0),378 (+1),369 (+1),248 (+0),361 (+0),390 (+0),251 (+1)
2021-04-07 11:00:03.575943,100 (+0),379 (+1),372 (+3),248 (+0),361 (+0),390 (+0),253 (+2)
2021-04-07 12:00:03.390851,100 (+0),382 (+3),373 (+1),248 (+0),362 (+1),390 (+0),255 (+2)
2021-04-07 13:00:03.054265,100 (+0),383 (+1),375 (+2),255 (+7),362 (+0),390 (+0),257 (+2)
2021-04-07 14:00:03.554750,100 (+0),384 (+1),375 (+0),255 (+0),362 (+0),390 (+0),258 (+1)
2021-04-07 15:00:03.516701,100 (+0),387 (+3),375 (+0),255 (+0),363 (+1),390 (+0),259 (+1)
2021-04-07 16:00:03.497068,100 (+0),390 (+3),375 (+0),255 (+0),363 (+0),396 (+6),260 (+1)
2021-04-07 17:00:02.830124,100 (+0),393 (+3),375 (+0),255 (+0),368 (+5),403 (+7),260 (+0)
2021-04-07 18:00:03.298011,100 (+0),396 (+3),375 (+0),255 (+0),368 (+0),408 (+5),260 (+0)
2021-04-07 19:00:03.312127,100 (+0),397 (+1),375 (+0),255 (+0),368 (+0),415 (+7),260 (+0)
2021-04-07 20:00:03.219403,100 (+0),399 (+2),375 (+0),255 (+0),368 (+0),416 (+1),260 (+0)
2021-04-07 21:00:03.229729,100 (+0),399 (+0),375 (+0),255 (+0),368 (+0),419 (+3),260 (+0)
2021-04-07 22:00:03.358196,100 (+0),400 (+1),376 (+1),255 (+0),368 (+0),428 (+9),260 (+0)
2021-04-07 23:00:03.572895,100 (+0),400 (+0),376 (+0),255 (+0),368 (+0),438 (+10),260 (+0)
2021-04-08 00:00:03.662578,100 (+0),400 (+0),376 (+0),255 (+0),368 (+0),442 (+4),260 (+0)
2021-04-08 01:00:03.511674,100 (+0),401 (+1),376 (+0),255 (+0),368 (+0),442 (+0),260 (+0)
2021-04-08 02:00:03.369365,100 (+0),401 (+0),377 (+1),255 (+0),368 (+0),443 (+1),260 (+0)
2021-04-08 03:00:03.264506,100 (+0),401 (+0),377 (+0),255 (+0),368 (+0),443 (+0),260 (+0)
2021-04-08 04:00:03.601332,100 (+0),401 (+0),378 (+1),255 (+0),368 (+0),443 (+0),260 (+0)
2021-04-08 05:00:02.897296,101 (+1),401 (+0),379 (+1),255 (+0),370 (+2),444 (+1),260 (+0)
2021-04-08 06:00:03.212811,101 (+0),401 (+0),379 (+0),255 (+0),380 (+10),448 (+4),260 (+0)
2021-04-08 07:00:02.815670,101 (+0),402 (+1),381 (+2),260 (+5),380 (+0),451 (+3),261 (+1)
2021-04-08 08:00:03.429501,101 (+0),404 (+2),383 (+2),260 (+0),381 (+1),452 (+1),261 (+0)
2021-04-08 09:00:03.727195,101 (+0),407 (+3),385 (+2),260 (+0),384 (+3),452 (+0),262 (+1)
2021-04-08 10:00:05.795555,101 (+0),410 (+3),385 (+0),261 (+1),385 (+1),453 (+1),264 (+2)
2021-04-08 11:00:03.458588,101 (+0),411 (+1),385 (+0),261 (+0),385 (+0),453 (+0),266 (+2)
2021-04-08 12:00:03.774032,101 (+0),411 (+0),385 (+0),261 (+0),393 (+8),453 (+0),268 (+2)
2021-04-08 13:00:02.805301,101 (+0),411 (+0),385 (+0),261 (+0),393 (+0),453 (+0),269 (+1)
2021-04-08 14:00:03.558058,101 (+0),412 (+1),385 (+0),261 (+0),393 (+0),453 (+0),271 (+2)
2021-04-08 15:00:02.920876,101 (+0),412 (+0),385 (+0),261 (+0),394 (+1),459 (+6),273 (+2)
2021-04-08 16:00:03.694189,101 (+0),413 (+1),386 (+1),261 (+0),398 (+4),468 (+9),275 (+2)
2021-04-08 17:00:03.505921,101 (+0),414 (+1),387 (+1),261 (+0),398 (+0),478 (+10),276 (+1)
2021-04-08 18:00:03.338048,101 (+0),414 (+0),388 (+1),261 (+0),398 (+0),481 (+3),276 (+0)
2021-04-08 19:00:03.179110,101 (+0),414 (+0),389 (+1),261 (+0),398 (+0),481 (+0),276 (+0)
2021-04-08 20:00:03.601510,101 (+0),414 (+0),391 (+2),261 (+0),398 (+0),482 (+1),276 (+0)
2021-04-08 21:00:03.041858,101 (+0),414 (+0),392 (+1),261 (+0),398 (+0),486 (+4),276 (+0)
2021-04-08 22:00:03.401879,101 (+0),414 (+0),394 (+2),261 (+0),398 (+0),496 (+10),276 (+0)
2021-04-08 23:00:03.326984,101 (+0),414 (+0),396 (+2),261 (+0),398 (+0),506 (+10),276 (+0)
2021-04-09 00:00:03.201184,101 (+0),414 (+0),398 (+2),261 (+0),398 (+0),510 (+4),276 (+0)
2021-04-09 01:00:03.162433,101 (+0),414 (+0),400 (+2),261 (+0),398 (+0),515 (+5),276 (+0)
2021-04-09 02:00:03.111996,101 (+0),414 (+0),402 (+2),261 (+0),398 (+0),518 (+3),276 (+0)
2021-04-09 03:00:03.680847,101 (+0),416 (+2),404 (+2),261 (+0),398 (+0),518 (+0),276 (+0)
2021-04-09 04:00:03.876001,101 (+0),416 (+0),407 (+3),261 (+0),398 (+0),520 (+2),276 (+0)
2021-04-09 05:00:03.370283,102 (+1),416 (+0),409 (+2),261 (+0),403 (+5),522 (+2),276 (+0)
2021-04-09 06:00:03.273451,102 (+0),416 (+0),411 (+2),261 (+0),409 (+6),525 (+3),276 (+0)
2021-04-09 07:00:03.698564,103 (+1),416 (+0),413 (+2),261 (+0),410 (+1),526 (+1),277 (+1)
2021-04-09 08:00:03.175659,103 (+0),418 (+2),415 (+2),261 (+0),410 (+0),526 (+0),277 (+0)
2021-04-09 09:00:03.562525,103 (+0),418 (+0),417 (+2),261 (+0),410 (+0),526 (+0),278 (+1)
2021-04-09 10:00:03.763764,103 (+0),420 (+2),420 (+3),261 (+0),410 (+0),528 (+2),280 (+2)
2021-04-09 11:00:02.951284,103 (+0),423 (+3),421 (+1),261 (+0),411 (+1),529 (+1),281 (+1)
2021-04-09 12:00:03.435095,104 (+1),424 (+1),422 (+1),261 (+0),419 (+8),530 (+1),283 (+2)
2021-04-09 13:00:03.789058,104 (+0),426 (+2),423 (+1),261 (+0),419 (+0),530 (+0),285 (+2)
2021-04-09 14:00:03.294560,104 (+0),427 (+1),423 (+0),261 (+0),424 (+5),530 (+0),288 (+3)
2021-04-09 15:00:02.972924,104 (+0),429 (+2),424 (+1),261 (+0),425 (+1),530 (+0),290 (+2)
2021-04-09 16:00:03.509767,104 (+0),431 (+2),425 (+1),261 (+0),425 (+0),530 (+0),292 (+2)
2021-04-09 17:00:03.225883,104 (+0),431 (+0),426 (+1),261 (+0),425 (+0),530 (+0),293 (+1)
2021-04-09 18:00:03.828345,104 (+0),431 (+0),427 (+1),261 (+0),425 (+0),532 (+2),293 (+0)
2021-04-09 19:00:03.272042,104 (+0),432 (+1),427 (+0),261 (+0),425 (+0),537 (+5),293 (+0)
2021-04-09 20:00:02.906751,104 (+0),432 (+0),428 (+1),261 (+0),425 (+0),539 (+2),293 (+0)
2021-04-09 21:00:03.624960,104 (+0),432 (+0),428 (+0),261 (+0),425 (+0),539 (+0),293 (+0)
2021-04-09 22:00:03.849725,104 (+0),432 (+0),429 (+1),261 (+0),425 (+0),539 (+0),293 (+0)
2021-04-09 23:00:02.893817,104 (+0),432 (+0),429 (+0),261 (+0),425 (+0),539 (+0),293 (+0)
2021-04-10 00:00:05.981332,104 (+0),432 (+0),429 (+0),261 (+0),425 (+0),539 (+0),293 (+0)
2021-04-10 01:00:03.827239,104 (+0),432 (+0),429 (+0),261 (+0),425 (+0),539 (+0),293 (+0)
2021-04-10 02:00:03.575717,104 (+0),432 (+0),429 (+0),261 (+0),425 (+0),539 (+0),293 (+0)
2021-04-10 03:00:02.957705,104 (+0),433 (+1),430 (+1),261 (+0),425 (+0),539 (+0),293 (+0)
2021-04-10 04:00:03.175389,104 (+0),433 (+0),430 (+0),261 (+0),425 (+0),539 (+0),293 (+0)
2021-04-10 05:00:03.352631,104 (+0),433 (+0),430 (+0),261 (+0),425 (+0),539 (+0),293 (+0)
2021-04-10 06:00:03.417866,105 (+1),433 (+0),430 (+0),261 (+0),425 (+0),539 (+0),293 (+0)
2021-04-10 07:00:03.041992,105 (+0),433 (+0),430 (+0),261 (+0),426 (+1),539 (+0),294 (+1)
2021-04-10 08:00:05.700524,105 (+0),433 (+0),432 (+2),261 (+0),426 (+0),539 (+0),295 (+1)
2021-04-10 09:00:03.245371,105 (+0),434 (+1),434 (+2),261 (+0),426 (+0),539 (+0),295 (+0)
2021-04-10 10:00:02.870245,105 (+0),435 (+1),434 (+0),261 (+0),426 (+0),539 (+0),295 (+0)
2021-04-10 11:00:02.845453,105 (+0),435 (+0),434 (+0),261 (+0),426 (+0),539 (+0),295 (+0)
2021-04-10 12:00:03.821969,105 (+0),435 (+0),434 (+0),261 (+0),426 (+0),539 (+0),296 (+1)
2021-04-10 13:00:03.395231,105 (+0),435 (+0),434 (+0),261 (+0),426 (+0),539 (+0),297 (+1)
2021-04-10 14:00:03.463885,105 (+0),435 (+0),434 (+0),261 (+0),426 (+0),539 (+0),297 (+0)
2021-04-10 15:00:03.457016,105 (+0),435 (+0),435 (+1),261 (+0),426 (+0),539 (+0),298 (+1)
2021-04-10 16:00:03.616641,105 (+0),435 (+0),435 (+0),261 (+0),426 (+0),539 (+0),298 (+0)
2021-04-10 17:00:02.973133,105 (+0),435 (+0),435 (+0),261 (+0),426 (+0),539 (+0),298 (+0)
2021-04-10 18:00:03.523851,105 (+0),435 (+0),435 (+0),261 (+0),426 (+0),539 (+0),298 (+0)
2021-04-10 19:00:03.607614,105 (+0),435 (+0),435 (+0),261 (+0),426 (+0),539 (+0),298 (+0)
2021-04-10 20:00:03.554182,105 (+0),436 (+1),435 (+0),261 (+0),426 (+0),539 (+0),298 (+0)
2021-04-10 21:00:03.262675,105 (+0),437 (+1),435 (+0),261 (+0),426 (+0),539 (+0),298 (+0)
2021-04-10 22:00:03.158845,105 (+0),437 (+0),435 (+0),261 (+0),426 (+0),539 (+0),298 (+0)
2021-04-10 23:00:03.348422,105 (+0),437 (+0),436 (+1),261 (+0),426 (+0),539 (+0),298 (+0)
2021-04-11 00:00:04.321063,105 (+0),437 (+0),437 (+1),261 (+0),426 (+0),539 (+0),298 (+0)
2021-04-11 01:00:03.413544,105 (+0),437 (+0),439 (+2),261 (+0),426 (+0),539 (+0),298 (+0)
2021-04-11 02:00:03.592300,105 (+0),437 (+0),441 (+2),261 (+0),426 (+0),539 (+0),298 (+0)
2021-04-11 03:00:03.539752,105 (+0),437 (+0),441 (+0),261 (+0),426 (+0),539 (+0),298 (+0)
2021-04-11 04:00:03.484808,105 (+0),437 (+0),441 (+0),261 (+0),426 (+0),539 (+0),298 (+0)
2021-04-11 05:00:03.613944,105 (+0),437 (+0),442 (+1),261 (+0),426 (+0),539 (+0),298 (+0)
2021-04-11 06:00:03.596983,106 (+1),437 (+0),442 (+0),261 (+0),426 (+0),539 (+0),298 (+0)
2021-04-11 07:00:04.004251,106 (+0),437 (+0),444 (+2),261 (+0),427 (+1),539 (+0),298 (+0)
2021-04-11 08:00:03.150238,106 (+0),437 (+0),444 (+0),261 (+0),427 (+0),539 (+0),299 (+1)
2021-04-11 09:00:03.332086,106 (+0),437 (+0),445 (+1),261 (+0),427 (+0),539 (+0),299 (+0)
2021-04-11 10:00:04.320324,106 (+0),438 (+1),446 (+1),261 (+0),427 (+0),539 (+0),300 (+1)
2021-04-11 11:00:03.649172,106 (+0),438 (+0),446 (+0),261 (+0),427 (+0),539 (+0),300 (+0)
2021-04-11 12:00:03.374305,106 (+0),438 (+0),447 (+1),261 (+0),427 (+0),539 (+0),301 (+1)
2021-04-11 13:00:03.374578,106 (+0),438 (+0),447 (+0),261 (+0),427 (+0),539 (+0),301 (+0)
2021-04-11 14:00:02.974424,106 (+0),439 (+1),447 (+0),261 (+0),427 (+0),539 (+0),302 (+1)
2021-04-11 15:00:03.479256,106 (+0),439 (+0),447 (+0),261 (+0),427 (+0),539 (+0),302 (+0)
2021-04-11 16:00:02.933577,106 (+0),439 (+0),447 (+0),261 (+0),427 (+0),539 (+0),302 (+0)
2021-04-11 17:00:03.176947,106 (+0),439 (+0),447 (+0),261 (+0),427 (+0),539 (+0),302 (+0)
2021-04-11 18:00:03.330054,106 (+0),439 (+0),447 (+0),261 (+0),427 (+0),539 (+0),303 (+1)
2021-04-11 19:00:03.363039,106 (+0),440 (+1),447 (+0),261 (+0),427 (+0),541 (+2),305 (+2)
2021-04-11 20:00:03.652525,106 (+0),440 (+0),447 (+0),261 (+0),427 (+0),543 (+2),308 (+3)
2021-04-11 21:00:03.282961,106 (+0),440 (+0),447 (+0),261 (+0),427 (+0),545 (+2),308 (+0)
2021-04-11 22:00:03.879017,106 (+0),440 (+0),447 (+0),261 (+0),427 (+0),552 (+7),308 (+0)
2021-04-11 23:00:03.498809,106 (+0),440 (+0),450 (+3),261 (+0),427 (+0),557 (+5),308 (+0)
2021-04-12 00:00:03.837610,106 (+0),440 (+0),451 (+1),261 (+0),427 (+0),559 (+2),308 (+0)
2021-04-12 01:00:03.752992,106 (+0),440 (+0),451 (+0),261 (+0),427 (+0),559 (+0),308 (+0)
2021-04-12 02:00:03.291535,106 (+0),440 (+0),452 (+1),261 (+0),427 (+0),559 (+0),308 (+0)
2021-04-12 03:00:03.348227,106 (+0),440 (+0),452 (+0),261 (+0),427 (+0),561 (+2),308 (+0)
2021-04-12 04:00:03.522221,106 (+0),440 (+0),452 (+0),261 (+0),427 (+0),561 (+0),308 (+0)
2021-04-12 05:00:03.826676,108 (+2),440 (+0),453 (+1),261 (+0),428 (+1),563 (+2),308 (+0)
2021-04-12 06:00:03.768503,108 (+0),440 (+0),453 (+0),261 (+0),438 (+10),568 (+5),308 (+0)
2021-04-12 07:00:02.923878,108 (+0),440 (+0),453 (+0),261 (+0),438 (+0),570 (+2),309 (+1)
2021-04-12 08:00:03.093041,108 (+0),441 (+1),454 (+1),261 (+0),438 (+0),570 (+0),309 (+0)
2021-04-12 09:00:03.153539,108 (+0),442 (+1),455 (+1),261 (+0),440 (+2),572 (+2),311 (+2)
2021-04-12 10:00:03.384372,108 (+0),442 (+0),455 (+0),261 (+0),441 (+1),574 (+2),312 (+1)
2021-04-12 11:00:03.427904,108 (+0),442 (+0),455 (+0),261 (+0),442 (+1),576 (+2),313 (+1)
2021-04-12 12:00:02.865878,108 (+0),442 (+0),455 (+0),261 (+0),450 (+8),576 (+0),314 (+1)
2021-04-12 13:00:03.232900,108 (+0),443 (+1),455 (+0),261 (+0),450 (+0),580 (+4),316 (+2)
2021-04-12 14:00:03.887487,108 (+0),443 (+0),455 (+0),261 (+0),450 (+0),583 (+3),318 (+2)
2021-04-12 15:00:03.575486,108 (+0),443 (+0),456 (+1),261 (+0),455 (+5),583 (+0),320 (+2)
2021-04-12 16:00:03.015893,108 (+0),443 (+0),456 (+0),261 (+0),455 (+0),583 (+0),322 (+2)
2021-04-12 17:00:03.067812,108 (+0),444 (+1),456 (+0),261 (+0),455 (+0),590 (+7),324 (+2)
2021-04-12 18:00:03.642991,108 (+0),445 (+1),456 (+0),261 (+0),455 (+0),600 (+10),324 (+0)
2021-04-12 19:00:02.862622,108 (+0),446 (+1),456 (+0),261 (+0),455 (+0),605 (+5),324 (+0)
2021-04-12 20:00:02.850809,108 (+0),446 (+0),456 (+0),261 (+0),455 (+0),606 (+1),324 (+0)
2021-04-12 21:00:03.485146,108 (+0),446 (+0),456 (+0),261 (+0),455 (+0),610 (+4),324 (+0)
2021-04-12 22:00:03.336806,108 (+0),446 (+0),457 (+1),261 (+0),455 (+0),620 (+10),324 (+0)
2021-04-12 23:00:05.334907,108 (+0),446 (+0),457 (+0),261 (+0),455 (+0),629 (+9),324 (+0)
2021-04-13 00:00:03.663548,108 (+0),447 (+1),458 (+1),261 (+0),455 (+0),631 (+2),324 (+0)
2021-04-13 01:00:03.386080,108 (+0),448 (+1),459 (+1),261 (+0),455 (+0),631 (+0),324 (+0)
2021-04-13 02:00:03.220353,108 (+0),448 (+0),460 (+1),261 (+0),455 (+0),631 (+0),324 (+0)
2021-04-13 03:00:03.105086,108 (+0),450 (+2),462 (+2),261 (+0),455 (+0),633 (+2),324 (+0)
2021-04-13 04:00:02.976076,108 (+0),451 (+1),463 (+1),261 (+0),455 (+0),634 (+1),324 (+0)
2021-04-13 05:00:03.372058,110 (+2),453 (+2),463 (+0),261 (+0),457 (+2),635 (+1),324 (+0)
2021-04-13 06:00:03.320409,111 (+1),456 (+3),465 (+2),261 (+0),468 (+11),644 (+9),324 (+0)
2021-04-13 07:00:03.284213,111 (+0),459 (+3),465 (+0),261 (+0),468 (+0),645 (+1),325 (+1)
2021-04-13 08:00:03.688723,111 (+0),461 (+2),466 (+1),261 (+0),470 (+2),646 (+1),326 (+1)
2021-04-13 09:00:03.104816,111 (+0),465 (+4),467 (+1),261 (+0),470 (+0),646 (+0),327 (+1)
2021-04-13 10:00:03.571868,111 (+0),467 (+2),468 (+1),261 (+0),471 (+1),648 (+2),329 (+2)
2021-04-13 11:00:03.982364,111 (+0),469 (+2),470 (+2),261 (+0),471 (+0),648 (+0),331 (+2)
2021-04-13 12:00:07.919858,111 (+0),471 (+2),471 (+1),261 (+0),471 (+0),648 (+0),332 (+1)
2021-04-13 13:00:03.367467,111 (+0),474 (+3),472 (+1),261 (+0),479 (+8),648 (+0),334 (+2)
2021-04-13 14:00:03.927222,111 (+0),476 (+2),472 (+0),261 (+0),479 (+0),648 (+0),336 (+2)
2021-04-13 15:00:03.070255,111 (+0),478 (+2),472 (+0),261 (+0),480 (+1),648 (+0),338 (+2)
2021-04-13 16:00:03.860544,111 (+0),480 (+2),472 (+0),261 (+0),482 (+2),648 (+0),340 (+2)
2021-04-13 17:00:03.511678,111 (+0),482 (+2),472 (+0),261 (+0),482 (+0),653 (+5),341 (+1)
2021-04-13 18:00:03.211144,111 (+0),484 (+2),472 (+0),261 (+0),482 (+0),659 (+6),341 (+0)
2021-04-13 19:00:03.064245,111 (+0),484 (+0),472 (+0),261 (+0),482 (+0),666 (+7),341 (+0)
2021-04-13 20:00:03.066110,111 (+0),484 (+0),472 (+0),261 (+0),482 (+0),673 (+7),341 (+0)
2021-04-13 21:00:03.111550,111 (+0),484 (+0),472 (+0),261 (+0),482 (+0),677 (+4),341 (+0)
2021-04-13 22:00:02.915016,111 (+0),484 (+0),472 (+0),261 (+0),482 (+0),679 (+2),341 (+0)
2021-04-13 23:00:03.179573,111 (+0),484 (+0),473 (+1),261 (+0),482 (+0),681 (+2),341 (+0)
2021-04-14 00:00:05.951316,111 (+0),484 (+0),475 (+2),261 (+0),482 (+0),683 (+2),341 (+0)
2021-04-14 01:00:03.600318,111 (+0),484 (+0),476 (+1),261 (+0),482 (+0),683 (+0),341 (+0)
2021-04-14 02:00:03.443685,111 (+0),484 (+0),477 (+1),261 (+0),482 (+0),683 (+0),341 (+0)
2021-04-14 03:00:03.165874,111 (+0),484 (+0),478 (+1),261 (+0),482 (+0),686 (+3),341 (+0)
2021-04-14 04:00:03.155490,111 (+0),484 (+0),478 (+0),261 (+0),482 (+0),686 (+0),341 (+0)
2021-04-14 05:00:03.444301,112 (+1),484 (+0),478 (+0),261 (+0),484 (+2),688 (+2),341 (+0)
2021-04-14 06:00:03.464760,113 (+1),485 (+1),479 (+1),261 (+0),493 (+9),688 (+0),341 (+0)
2021-04-14 07:00:03.619382,113 (+0),486 (+1),480 (+1),261 (+0),495 (+2),688 (+0),342 (+1)
2021-04-14 08:00:03.504417,113 (+0),488 (+2),482 (+2),261 (+0),497 (+2),688 (+0),344 (+2)
2021-04-14 09:00:03.759995,113 (+0),489 (+1),483 (+1),261 (+0),497 (+0),688 (+0),346 (+2)
2021-04-14 10:00:03.714484,113 (+0),493 (+4),483 (+0),261 (+0),498 (+1),688 (+0),347 (+1)
2021-04-14 11:00:03.445123,113 (+0),493 (+0),484 (+1),261 (+0),498 (+0),688 (+0),348 (+1)
2021-04-14 12:00:03.169445,113 (+0),493 (+0),484 (+0),261 (+0),505 (+7),688 (+0),350 (+2)
2021-04-14 13:00:03.096557,113 (+0),497 (+4),484 (+0),261 (+0),507 (+2),688 (+0),352 (+2)
2021-04-14 14:00:03.322149,113 (+0),497 (+0),484 (+0),261 (+0),507 (+0),688 (+0),353 (+1)
2021-04-14 15:00:03.329011,113 (+0),497 (+0),485 (+1),261 (+0),511 (+4),688 (+0),355 (+2)
2021-04-14 16:00:03.797682,113 (+0),499 (+2),485 (+0),261 (+0),511 (+0),688 (+0),357 (+2)
2021-04-14 17:00:03.225618,113 (+0),499 (+0),485 (+0),261 (+0),511 (+0),688 (+0),359 (+2)
2021-04-14 18:00:03.032708,113 (+0),499 (+0),485 (+0),261 (+0),511 (+0),688 (+0),360 (+1)
2021-04-14 19:00:03.678133,113 (+0),500 (+1),485 (+0),261 (+0),511 (+0),688 (+0),360 (+0)
2021-04-14 20:00:03.372089,113 (+0),501 (+1),485 (+0),261 (+0),511 (+0),690 (+2),360 (+0)
2021-04-14 21:00:03.018282,113 (+0),502 (+1),485 (+0),261 (+0),511 (+0),696 (+6),360 (+0)
2021-04-14 22:00:03.483129,113 (+0),502 (+0),487 (+2),261 (+0),511 (+0),706 (+10),360 (+0)
2021-04-14 23:00:03.712664,113 (+0),502 (+0),487 (+0),261 (+0),511 (+0),716 (+10),360 (+0)
2021-04-15 00:00:07.452858,113 (+0),502 (+0),487 (+0),261 (+0),511 (+0),722 (+6),360 (+0)
2021-04-15 01:00:03.393964,113 (+0),502 (+0),487 (+0),261 (+0),511 (+0),722 (+0),360 (+0)
2021-04-15 02:00:03.917275,113 (+0),502 (+0),487 (+0),261 (+0),511 (+0),722 (+0),360 (+0)
2021-04-15 03:00:03.795506,113 (+0),504 (+2),487 (+0),261 (+0),511 (+0),723 (+1),360 (+0)
2021-04-15 04:00:03.311033,113 (+0),504 (+0),488 (+1),261 (+0),511 (+0),727 (+4),360 (+0)
2021-04-15 05:00:03.888824,113 (+0),504 (+0),488 (+0),261 (+0),513 (+2),733 (+6),360 (+0)
2021-04-15 06:00:03.091604,114 (+1),506 (+2),488 (+0),261 (+0),521 (+8),739 (+6),360 (+0)
2021-04-15 07:00:03.452336,114 (+0),509 (+3),488 (+0),261 (+0),521 (+0),744 (+5),361 (+1)
2021-04-15 08:00:03.628039,114 (+0),510 (+1),488 (+0),261 (+0),521 (+0),746 (+2),362 (+1)
2021-04-15 09:00:03.044692,114 (+0),512 (+2),490 (+2),261 (+0),525 (+4),746 (+0),365 (+3)
2021-04-15 10:00:03.708682,114 (+0),513 (+1),491 (+1),261 (+0),526 (+1),747 (+1),366 (+1)
2021-04-15 11:00:02.904817,114 (+0),513 (+0),491 (+0),261 (+0),535 (+9),752 (+5),367 (+1)
2021-04-15 12:00:03.681054,114 (+0),515 (+2),492 (+1),261 (+0),537 (+2),752 (+0),368 (+1)
2021-04-15 13:00:03.141957,115 (+1),516 (+1),492 (+0),261 (+0),537 (+0),752 (+0),368 (+0)
2021-04-15 14:00:03.945948,115 (+0),519 (+3),493 (+1),271 (+10),537 (+0),752 (+0),370 (+2)
2021-04-15 15:00:03.414827,115 (+0),520 (+1),493 (+0),271 (+0),539 (+2),752 (+0),372 (+2)
2021-04-15 16:00:03.797614,115 (+0),520 (+0),493 (+0),271 (+0),539 (+0),752 (+0),374 (+2)
2021-04-15 17:00:03.818409,115 (+0),520 (+0),493 (+0),271 (+0),539 (+0),752 (+0),375 (+1)
2021-04-15 18:00:04.013053,115 (+0),520 (+0),493 (+0),271 (+0),539 (+0),759 (+7),375 (+0)
2021-04-15 19:00:03.059802,115 (+0),520 (+0),493 (+0),271 (+0),539 (+0),767 (+8),375 (+0)
2021-04-15 20:00:03.884008,115 (+0),520 (+0),493 (+0),271 (+0),539 (+0),767 (+0),375 (+0)
2021-04-15 21:00:03.468977,115 (+0),520 (+0),493 (+0),271 (+0),539 (+0),772 (+5),375 (+0)
2021-04-15 22:00:03.797801,115 (+0),520 (+0),493 (+0),271 (+0),539 (+0),782 (+10),375 (+0)
2021-04-15 23:00:03.229622,115 (+0),520 (+0),494 (+1),271 (+0),539 (+0),792 (+10),375 (+0)
2021-04-16 00:00:09.128878,115 (+0),520 (+0),494 (+0),271 (+0),539 (+0),794 (+2),375 (+0)
2021-04-16 01:00:03.867939,115 (+0),520 (+0),494 (+0),271 (+0),539 (+0),794 (+0),375 (+0)
2021-04-16 02:00:03.883754,115 (+0),520 (+0),494 (+0),271 (+0),539 (+0),794 (+0),375 (+0)
2021-04-16 03:00:03.182260,115 (+0),521 (+1),494 (+0),271 (+0),539 (+0),796 (+2),375 (+0)
2021-04-16 04:00:03.694796,115 (+0),521 (+0),494 (+0),271 (+0),539 (+0),803 (+7),375 (+0)
2021-04-16 05:00:03.402283,116 (+1),521 (+0),495 (+1),271 (+0),541 (+2),806 (+3),375 (+0)
2021-04-16 06:00:03.942548,116 (+0),524 (+3),495 (+0),271 (+0),550 (+9),808 (+2),375 (+0)
2021-04-16 07:00:03.879880,117 (+1),524 (+0),496 (+1),271 (+0),550 (+0),812 (+4),377 (+2)
2021-04-16 08:00:03.633951,117 (+0),525 (+1),496 (+0),271 (+0),550 (+0),818 (+6),379 (+2)
2021-04-16 09:00:03.750089,117 (+0),525 (+0),497 (+1),271 (+0),551 (+1),818 (+0),380 (+1)
2021-04-16 10:00:03.863353,117 (+0),525 (+0),497 (+0),271 (+0),555 (+4),819 (+1),381 (+1)
2021-04-16 11:00:03.200978,117 (+0),526 (+1),497 (+0),271 (+0),556 (+1),821 (+2),382 (+1)
2021-04-16 12:00:03.469514,118 (+1),526 (+0),497 (+0),271 (+0),556 (+0),821 (+0),383 (+1)
2021-04-16 13:00:03.762732,118 (+0),526 (+0),498 (+1),271 (+0),564 (+8),821 (+0),384 (+1)
2021-04-16 14:00:03.500394,118 (+0),526 (+0),498 (+0),271 (+0),566 (+2),821 (+0),384 (+0)
2021-04-16 15:00:03.132129,118 (+0),528 (+2),499 (+1),271 (+0),567 (+1),821 (+0),385 (+1)
2021-04-16 16:00:03.592096,118 (+0),530 (+2),499 (+0),271 (+0),567 (+0),821 (+0),387 (+2)
2021-04-16 17:00:03.532109,118 (+0),532 (+2),499 (+0),271 (+0),567 (+0),821 (+0),388 (+1)
2021-04-16 18:00:03.502957,118 (+0),532 (+0),499 (+0),271 (+0),567 (+0),821 (+0),388 (+0)
2021-04-16 19:00:03.513694,118 (+0),533 (+1),499 (+0),271 (+0),567 (+0),821 (+0),388 (+0)
2021-04-16 20:00:02.990921,118 (+0),534 (+1),499 (+0),271 (+0),567 (+0),821 (+0),388 (+0)
2021-04-16 21:00:03.600026,118 (+0),534 (+0),499 (+0),271 (+0),567 (+0),821 (+0),388 (+0)
2021-04-16 22:00:03.393678,118 (+0),534 (+0),499 (+0),271 (+0),567 (+0),821 (+0),388 (+0)
2021-04-16 23:00:03.615848,118 (+0),534 (+0),499 (+0),271 (+0),567 (+0),821 (+0),388 (+0)
2021-04-17 00:00:10.139201,118 (+0),534 (+0),501 (+2),271 (+0),567 (+0),821 (+0),388 (+0)
2021-04-17 01:00:03.284661,118 (+0),534 (+0),501 (+0),271 (+0),567 (+0),821 (+0),388 (+0)
2021-04-17 02:00:03.247330,118 (+0),534 (+0),502 (+1),271 (+0),567 (+0),821 (+0),388 (+0)
2021-04-17 03:00:03.136036,118 (+0),534 (+0),502 (+0),271 (+0),567 (+0),821 (+0),388 (+0)
2021-04-17 04:00:03.104262,118 (+0),534 (+0),503 (+1),271 (+0),567 (+0),821 (+0),388 (+0)
2021-04-17 05:00:03.293273,118 (+0),534 (+0),503 (+0),271 (+0),567 (+0),821 (+0),388 (+0)
2021-04-17 06:00:03.624982,119 (+1),534 (+0),503 (+0),271 (+0),567 (+0),821 (+0),388 (+0)
2021-04-17 07:00:03.712796,119 (+0),534 (+0),503 (+0),271 (+0),568 (+1),821 (+0),388 (+0)
2021-04-17 08:00:03.631184,119 (+0),534 (+0),503 (+0),271 (+0),568 (+0),821 (+0),389 (+1)
2021-04-17 09:00:03.254014,119 (+0),535 (+1),504 (+1),271 (+0),568 (+0),821 (+0),389 (+0)
2021-04-17 10:00:03.445671,119 (+0),535 (+0),506 (+2),271 (+0),568 (+0),821 (+0),390 (+1)
2021-04-17 11:00:03.803868,119 (+0),536 (+1),506 (+0),271 (+0),568 (+0),824 (+3),390 (+0)
2021-04-17 12:00:03.555866,119 (+0),536 (+0),506 (+0),271 (+0),568 (+0),824 (+0),391 (+1)
2021-04-17 13:00:03.163279,119 (+0),536 (+0),506 (+0),271 (+0),568 (+0),824 (+0),391 (+0)
2021-04-17 14:00:03.470020,119 (+0),536 (+0),506 (+0),271 (+0),568 (+0),824 (+0),391 (+0)
2021-04-17 15:00:03.495378,119 (+0),536 (+0),506 (+0),271 (+0),568 (+0),824 (+0),392 (+1)
2021-04-17 16:00:03.720610,119 (+0),536 (+0),506 (+0),271 (+0),568 (+0),824 (+0),392 (+0)
2021-04-17 17:00:02.844965,119 (+0),536 (+0),506 (+0),271 (+0),568 (+0),824 (+0),392 (+0)
2021-04-17 18:00:03.363256,119 (+0),536 (+0),506 (+0),271 (+0),568 (+0),824 (+0),393 (+1)
2021-04-17 19:00:03.362436,119 (+0),536 (+0),506 (+0),271 (+0),568 (+0),824 (+0),393 (+0)
2021-04-17 20:00:03.659151,119 (+0),536 (+0),506 (+0),271 (+0),568 (+0),824 (+0),393 (+0)
2021-04-17 21:00:03.027926,119 (+0),538 (+2),506 (+0),271 (+0),568 (+0),824 (+0),393 (+0)
2021-04-17 22:00:03.121333,119 (+0),539 (+1),506 (+0),271 (+0),568 (+0),824 (+0),393 (+0)
2021-04-17 23:00:03.360135,119 (+0),539 (+0),506 (+0),271 (+0),568 (+0),824 (+0),393 (+0)
2021-04-18 00:00:06.256811,119 (+0),539 (+0),507 (+1),271 (+0),568 (+0),824 (+0),393 (+0)
2021-04-18 01:00:03.565408,119 (+0),539 (+0),507 (+0),271 (+0),568 (+0),824 (+0),393 (+0)
2021-04-18 02:00:03.238602,119 (+0),540 (+1),508 (+1),271 (+0),568 (+0),824 (+0),393 (+0)
2021-04-18 03:00:03.792660,119 (+0),540 (+0),508 (+0),271 (+0),568 (+0),824 (+0),393 (+0)
2021-04-18 04:00:03.422200,119 (+0),540 (+0),508 (+0),271 (+0),568 (+0),824 (+0),393 (+0)
2021-04-18 05:00:03.031589,119 (+0),540 (+0),508 (+0),271 (+0),568 (+0),824 (+0),393 (+0)
2021-04-18 06:00:03.383167,119 (+0),540 (+0),508 (+0),271 (+0),568 (+0),824 (+0),393 (+0)
2021-04-18 07:00:03.621942,120 (+1),540 (+0),509 (+1),271 (+0),569 (+1),824 (+0),393 (+0)
2021-04-18 08:00:03.577608,120 (+0),540 (+0),509 (+0),271 (+0),569 (+0),824 (+0),394 (+1)
2021-04-18 09:00:03.412603,120 (+0),540 (+0),509 (+0),271 (+0),569 (+0),824 (+0),394 (+0)
2021-04-18 10:00:02.889845,120 (+0),540 (+0),510 (+1),271 (+0),569 (+0),824 (+0),395 (+1)
2021-04-18 11:00:03.464570,120 (+0),540 (+0),511 (+1),271 (+0),569 (+0),824 (+0),395 (+0)
2021-04-18 12:00:03.653866,120 (+0),540 (+0),511 (+0),271 (+0),569 (+0),824 (+0),396 (+1)
2021-04-18 13:00:02.994806,120 (+0),540 (+0),511 (+0),271 (+0),569 (+0),824 (+0),396 (+0)
2021-04-18 14:00:02.921543,120 (+0),540 (+0),511 (+0),271 (+0),569 (+0),824 (+0),397 (+1)
2021-04-18 15:00:03.468677,120 (+0),540 (+0),511 (+0),271 (+0),569 (+0),824 (+0),397 (+0)
2021-04-18 16:00:03.482462,120 (+0),540 (+0),511 (+0),271 (+0),569 (+0),824 (+0),398 (+1)
2021-04-18 17:00:03.434028,120 (+0),540 (+0),512 (+1),271 (+0),569 (+0),824 (+0),399 (+1)
2021-04-18 18:00:02.807704,120 (+0),540 (+0),512 (+0),271 (+0),569 (+0),824 (+0),399 (+0)
2021-04-18 19:00:03.079186,120 (+0),540 (+0),512 (+0),271 (+0),569 (+0),824 (+0),399 (+0)
2021-04-18 20:00:02.961628,120 (+0),540 (+0),513 (+1),271 (+0),569 (+0),827 (+3),399 (+0)
2021-04-18 21:00:03.202328,120 (+0),541 (+1),513 (+0),271 (+0),569 (+0),828 (+1),399 (+0)
2021-04-18 22:00:02.981638,120 (+0),542 (+1),514 (+1),271 (+0),569 (+0),836 (+8),399 (+0)
2021-04-18 23:00:02.965201,120 (+0),542 (+0),515 (+1),271 (+0),569 (+0),839 (+3),399 (+0)
2021-04-19 00:00:04.042796,120 (+0),542 (+0),518 (+3),271 (+0),569 (+0),840 (+1),399 (+0)
2021-04-19 01:00:03.703589,120 (+0),542 (+0),518 (+0),271 (+0),569 (+0),843 (+3),399 (+0)
2021-04-19 02:00:03.517236,120 (+0),542 (+0),519 (+1),271 (+0),569 (+0),843 (+0),399 (+0)
2021-04-19 03:00:03.608447,120 (+0),545 (+3),520 (+1),271 (+0),569 (+0),843 (+0),399 (+0)
2021-04-19 04:00:03.509375,120 (+0),546 (+1),522 (+2),271 (+0),569 (+0),844 (+1),399 (+0)
2021-04-19 05:00:02.972754,121 (+1),547 (+1),525 (+3),271 (+0),571 (+2),845 (+1),399 (+0)
2021-04-19 06:00:03.265942,122 (+1),548 (+1),527 (+2),271 (+0),582 (+11),845 (+0),399 (+0)
2021-04-19 07:00:03.449244,122 (+0),552 (+4),529 (+2),271 (+0),583 (+1),849 (+4),399 (+0)
2021-04-19 08:00:06.118438,122 (+0),553 (+1),531 (+2),271 (+0),584 (+1),850 (+1),400 (+1)
2021-04-19 09:00:03.653338,122 (+0),554 (+1),532 (+1),271 (+0),587 (+3),852 (+2),402 (+2)
2021-04-19 10:00:03.086562,122 (+0),555 (+1),534 (+2),271 (+0),587 (+0),854 (+2),403 (+1)
2021-04-19 11:00:02.912230,122 (+0),557 (+2),535 (+1),281 (+10),588 (+1),859 (+5),404 (+1)
2021-04-19 12:00:03.124498,122 (+0),558 (+1),535 (+0),281 (+0),588 (+0),864 (+5),405 (+1)
2021-04-19 13:00:03.865106,122 (+0),560 (+2),535 (+0),281 (+0),596 (+8),864 (+0),407 (+2)
2021-04-19 14:00:03.074134,122 (+0),561 (+1),535 (+0),281 (+0),596 (+0),864 (+0),408 (+1)
2021-04-19 15:00:03.157084,122 (+0),561 (+0),535 (+0),281 (+0),600 (+4),864 (+0),410 (+2)
2021-04-19 16:00:03.608327,122 (+0),563 (+2),536 (+1),281 (+0),600 (+0),864 (+0),412 (+2)
2021-04-19 17:00:03.371381,122 (+0),564 (+1),536 (+0),281 (+0),600 (+0),869 (+5),414 (+2)
2021-04-19 18:00:03.784340,122 (+0),564 (+0),536 (+0),281 (+0),600 (+0),878 (+9),414 (+0)
2021-04-19 19:00:03.430751,122 (+0),564 (+0),536 (+0),281 (+0),600 (+0),887 (+9),414 (+0)
2021-04-19 20:00:03.880663,122 (+0),564 (+0),537 (+1),281 (+0),600 (+0),893 (+6),414 (+0)
2021-04-19 21:00:03.654067,122 (+0),564 (+0),537 (+0),281 (+0),600 (+0),894 (+1),414 (+0)
2021-04-19 22:00:03.595706,122 (+0),564 (+0),538 (+1),281 (+0),600 (+0),904 (+10),414 (+0)
2021-04-19 23:00:03.139137,122 (+0),564 (+0),538 (+0),281 (+0),600 (+0),914 (+10),414 (+0)
2021-04-20 00:00:04.549647,122 (+0),564 (+0),539 (+1),281 (+0),600 (+0),914 (+0),414 (+0)
2021-04-20 01:00:03.557661,122 (+0),564 (+0),539 (+0),281 (+0),600 (+0),914 (+0),414 (+0)
2021-04-20 02:00:02.968063,122 (+0),564 (+0),540 (+1),281 (+0),600 (+0),914 (+0),414 (+0)
2021-04-20 03:00:03.577347,122 (+0),566 (+2),541 (+1),281 (+0),600 (+0),914 (+0),414 (+0)
2021-04-20 04:00:03.358272,122 (+0),567 (+1),542 (+1),281 (+0),600 (+0),915 (+1),414 (+0)
2021-04-20 05:00:03.114392,123 (+1),568 (+1),543 (+1),281 (+0),602 (+2),915 (+0),414 (+0)
2021-04-20 06:00:03.317498,123 (+0),568 (+0),544 (+1),281 (+0),614 (+12),920 (+5),414 (+0)
2021-04-20 07:00:03.464202,124 (+1),569 (+1),546 (+2),281 (+0),614 (+0),922 (+2),415 (+1)
2021-04-20 08:00:04.423743,124 (+0),570 (+1),547 (+1),281 (+0),617 (+3),924 (+2),416 (+1)
2021-04-20 09:00:03.073794,124 (+0),572 (+2),549 (+2),291 (+10),618 (+1),927 (+3),417 (+1)
2021-04-20 10:00:03.685437,124 (+0),572 (+0),551 (+2),292 (+1),618 (+0),927 (+0),418 (+1)
2021-04-20 11:00:03.419073,124 (+0),573 (+1),553 (+2),294 (+2),618 (+0),928 (+1),419 (+1)
2021-04-20 12:00:03.377561,124 (+0),574 (+1),553 (+0),294 (+0),626 (+8),929 (+1),420 (+1)
2021-04-20 13:00:03.943458,124 (+0),574 (+0),553 (+0),294 (+0),626 (+0),929 (+0),421 (+1)
2021-04-20 14:00:03.667195,124 (+0),575 (+1),554 (+1),294 (+0),626 (+0),929 (+0),422 (+1)
2021-04-20 15:00:03.563723,124 (+0),578 (+3),554 (+0),294 (+0),629 (+3),929 (+0),423 (+1)
2021-04-20 16:00:03.087252,124 (+0),580 (+2),554 (+0),294 (+0),629 (+0),929 (+0),425 (+2)
2021-04-20 17:00:03.479694,124 (+0),583 (+3),555 (+1),294 (+0),629 (+0),931 (+2),426 (+1)
2021-04-20 18:00:03.541819,124 (+0),584 (+1),555 (+0),294 (+0),629 (+0),940 (+9),427 (+1)
2021-04-20 19:00:03.159933,124 (+0),585 (+1),555 (+0),294 (+0),629 (+0),946 (+6),427 (+0)
2021-04-20 20:00:03.265924,124 (+0),585 (+0),555 (+0),294 (+0),629 (+0),954 (+8),427 (+0)
2021-04-20 21:00:03.760913,124 (+0),585 (+0),555 (+0),294 (+0),629 (+0),955 (+1),427 (+0)
2021-04-20 22:00:03.932330,124 (+0),585 (+0),556 (+1),294 (+0),629 (+0),962 (+7),427 (+0)
2021-04-20 23:00:02.860557,124 (+0),585 (+0),557 (+1),294 (+0),629 (+0),972 (+10),427 (+0)
2021-04-21 00:00:03.737174,124 (+0),585 (+0),557 (+0),294 (+0),629 (+0),974 (+2),427 (+0)
2021-04-21 01:00:03.677675,124 (+0),585 (+0),557 (+0),294 (+0),629 (+0),974 (+0),427 (+0)
2021-04-21 02:00:03.020973,124 (+0),585 (+0),557 (+0),294 (+0),629 (+0),974 (+0),427 (+0)
2021-04-21 03:00:02.899056,124 (+0),589 (+4),557 (+0),294 (+0),629 (+0),974 (+0),427 (+0)
2021-04-21 04:00:03.090235,124 (+0),589 (+0),557 (+0),294 (+0),629 (+0),978 (+4),427 (+0)
2021-04-21 05:00:03.694672,125 (+1),589 (+0),557 (+0),294 (+0),631 (+2),987 (+9),427 (+0)
2021-04-21 06:00:03.561069,125 (+0),589 (+0),557 (+0),294 (+0),640 (+9),991 (+4),427 (+0)
2021-04-21 07:00:05.206695,125 (+0),590 (+1),557 (+0),294 (+0),642 (+2),991 (+0),429 (+2)
2021-04-21 08:00:03.295621,125 (+0),590 (+0),557 (+0),294 (+0),642 (+0),993 (+2),429 (+0)
2021-04-21 09:00:03.065775,125 (+0),592 (+2),558 (+1),294 (+0),642 (+0),993 (+0),430 (+1)
2021-04-21 10:00:03.654925,125 (+0),594 (+2),558 (+0),294 (+0),645 (+3),1000 (+7),432 (+2)
2021-04-21 11:00:03.796162,125 (+0),595 (+1),558 (+0),294 (+0),645 (+0),1004 (+4),434 (+2)
2021-04-21 12:00:03.539666,125 (+0),596 (+1),558 (+0),294 (+0),653 (+8),1006 (+2),436 (+2)
2021-04-21 13:00:03.954530,125 (+0),597 (+1),558 (+0),294 (+0),653 (+0),1006 (+0),438 (+2)
2021-04-21 14:00:03.193394,125 (+0),597 (+0),558 (+0),294 (+0),653 (+0),1006 (+0),440 (+2)
2021-04-21 15:00:02.938039,125 (+0),599 (+2),558 (+0),294 (+0),653 (+0),1006 (+0),444 (+4)
2021-04-21 16:00:03.544565,125 (+0),599 (+0),558 (+0),294 (+0),655 (+2),1006 (+0),447 (+3)
2021-04-21 17:00:03.235728,125 (+0),599 (+0),559 (+1),294 (+0),655 (+0),1006 (+0),449 (+2)
2021-04-21 18:00:03.840706,125 (+0),599 (+0),559 (+0),294 (+0),655 (+0),1013 (+7),449 (+0)
2021-04-21 19:00:02.871077,125 (+0),599 (+0),559 (+0),294 (+0),655 (+0),1023 (+10),449 (+0)
2021-04-21 20:00:03.221406,125 (+0),600 (+1),559 (+0),294 (+0),655 (+0),1028 (+5),449 (+0)
2021-04-21 21:00:03.080637,125 (+0),600 (+0),559 (+0),294 (+0),655 (+0),1029 (+1),449 (+0)
2021-04-21 22:00:03.607899,125 (+0),601 (+1),561 (+2),294 (+0),655 (+0),1031 (+2),449 (+0)
2021-04-21 23:00:03.726535,125 (+0),601 (+0),564 (+3),304 (+10),655 (+0),1041 (+10),449 (+0)
2021-04-22 00:00:03.582672,125 (+0),601 (+0),567 (+3),304 (+0),655 (+0),1050 (+9),449 (+0)
2021-04-22 01:00:02.996714,125 (+0),601 (+0),568 (+1),304 (+0),655 (+0),1051 (+1),449 (+0)
2021-04-22 02:00:03.614380,125 (+0),602 (+1),569 (+1),304 (+0),655 (+0),1051 (+0),449 (+0)
2021-04-22 03:00:03.681799,125 (+0),603 (+1),570 (+1),304 (+0),655 (+0),1052 (+1),449 (+0)
2021-04-22 04:00:03.424828,125 (+0),603 (+0),572 (+2),304 (+0),655 (+0),1052 (+0),449 (+0)
2021-04-22 05:00:03.694658,126 (+1),603 (+0),573 (+1),304 (+0),657 (+2),1053 (+1),449 (+0)
2021-04-22 06:00:03.733291,126 (+0),604 (+1),574 (+1),304 (+0),666 (+9),1054 (+1),449 (+0)
2021-04-22 07:00:03.585373,126 (+0),604 (+0),575 (+1),304 (+0),666 (+0),1057 (+3),450 (+1)
2021-04-22 08:00:04.026919,126 (+0),607 (+3),576 (+1),304 (+0),666 (+0),1060 (+3),450 (+0)
2021-04-22 09:00:02.943474,126 (+0),608 (+1),577 (+1),304 (+0),668 (+2),1060 (+0),451 (+1)
2021-04-22 10:00:03.767081,126 (+0),611 (+3),579 (+2),304 (+0),671 (+3),1062 (+2),453 (+2)
2021-04-22 11:00:03.186873,126 (+0),613 (+2),582 (+3),304 (+0),672 (+1),1067 (+5),455 (+2)
2021-04-22 12:00:03.334808,126 (+0),614 (+1),583 (+1),304 (+0),672 (+0),1073 (+6),456 (+1)
2021-04-22 13:00:03.065346,126 (+0),617 (+3),584 (+1),304 (+0),680 (+8),1077 (+4),458 (+2)
2021-04-22 14:00:03.006048,126 (+0),619 (+2),585 (+1),304 (+0),682 (+2),1077 (+0),461 (+3)
2021-04-22 15:00:03.396091,126 (+0),622 (+3),587 (+2),304 (+0),684 (+2),1077 (+0),463 (+2)
2021-04-22 16:00:03.833503,127 (+1),623 (+1),590 (+3),304 (+0),684 (+0),1077 (+0),465 (+2)
2021-04-22 17:00:03.808554,127 (+0),625 (+2),594 (+4),304 (+0),684 (+0),1077 (+0),467 (+2)
2021-04-22 18:00:03.607833,128 (+1),627 (+2),595 (+1),304 (+0),684 (+0),1083 (+6),467 (+0)
2021-04-22 19:00:03.966457,128 (+0),628 (+1),596 (+1),304 (+0),684 (+0),1090 (+7),467 (+0)
2021-04-22 20:00:02.936912,128 (+0),632 (+4),598 (+2),304 (+0),684 (+0),1098 (+8),467 (+0)
2021-04-22 21:00:03.119503,128 (+0),632 (+0),599 (+1),304 (+0),684 (+0),1100 (+2),467 (+0)
2021-04-22 22:00:03.173378,128 (+0),633 (+1),601 (+2),304 (+0),684 (+0),1110 (+10),467 (+0)
2021-04-22 23:00:03.498323,128 (+0),633 (+0),602 (+1),304 (+0),684 (+0),1116 (+6),467 (+0)
2021-04-23 00:00:03.714986,128 (+0),634 (+1),604 (+2),304 (+0),684 (+0),1119 (+3),467 (+0)
2021-04-23 01:00:03.118700,128 (+0),636 (+2),605 (+1),304 (+0),684 (+0),1120 (+1),467 (+0)
2021-04-23 02:00:03.311213,128 (+0),637 (+1),608 (+3),304 (+0),684 (+0),1120 (+0),467 (+0)
2021-04-23 03:00:03.406104,128 (+0),640 (+3),611 (+3),304 (+0),684 (+0),1121 (+1),467 (+0)
2021-04-23 04:00:03.075006,129 (+1),643 (+3),613 (+2),304 (+0),684 (+0),1121 (+0),467 (+0)
2021-04-23 05:00:03.491103,130 (+1),644 (+1),614 (+1),304 (+0),686 (+2),1122 (+1),467 (+0)
2021-04-23 06:00:03.289495,130 (+0),645 (+1),617 (+3),304 (+0),695 (+9),1123 (+1),467 (+0)
2021-04-23 07:00:03.464229,130 (+0),646 (+1),619 (+2),304 (+0),695 (+0),1123 (+0),467 (+0)
2021-04-23 08:00:03.733172,130 (+0),647 (+1),620 (+1),304 (+0),695 (+0),1126 (+3),469 (+2)
2021-04-23 09:00:02.922314,130 (+0),649 (+2),621 (+1),304 (+0),699 (+4),1129 (+3),470 (+1)
2021-04-23 10:00:03.356336,130 (+0),650 (+1),623 (+2),304 (+0),701 (+2),1130 (+1),472 (+2)
2021-04-23 11:00:03.641588,130 (+0),652 (+2),623 (+0),304 (+0),701 (+0),1133 (+3),473 (+1)
2021-04-23 12:00:02.958257,131 (+1),653 (+1),623 (+0),304 (+0),709 (+8),1133 (+0),475 (+2)
2021-04-23 13:00:02.937799,131 (+0),654 (+1),624 (+1),304 (+0),709 (+0),1133 (+0),476 (+1)
2021-04-23 14:00:03.762298,131 (+0),657 (+3),625 (+1),304 (+0),712 (+3),1133 (+0),478 (+2)
2021-04-23 15:00:03.600326,131 (+0),660 (+3),626 (+1),304 (+0),713 (+1),1133 (+0),480 (+2)
2021-04-23 16:00:03.423353,131 (+0),661 (+1),626 (+0),304 (+0),715 (+2),1133 (+0),483 (+3)
2021-04-23 17:00:03.333892,131 (+0),661 (+0),626 (+0),304 (+0),715 (+0),1133 (+0),484 (+1)
2021-04-23 18:00:03.913690,131 (+0),661 (+0),627 (+1),304 (+0),715 (+0),1140 (+7),484 (+0)
2021-04-23 19:00:03.222064,131 (+0),662 (+1),628 (+1),304 (+0),715 (+0),1148 (+8),484 (+0)
2021-04-23 20:00:03.214219,131 (+0),662 (+0),629 (+1),304 (+0),715 (+0),1154 (+6),484 (+0)
2021-04-23 21:00:03.138848,131 (+0),663 (+1),629 (+0),304 (+0),715 (+0),1154 (+0),484 (+0)
2021-04-23 22:00:03.205211,131 (+0),664 (+1),630 (+1),304 (+0),715 (+0),1154 (+0),484 (+0)
2021-04-23 23:00:03.490109,131 (+0),664 (+0),631 (+1),304 (+0),715 (+0),1154 (+0),484 (+0)
2021-04-24 00:00:11.630835,131 (+0),664 (+0),632 (+1),304 (+0),715 (+0),1154 (+0),484 (+0)
2021-04-24 01:00:03.459119,131 (+0),664 (+0),632 (+0),304 (+0),715 (+0),1154 (+0),484 (+0)
2021-04-24 02:00:03.232312,131 (+0),664 (+0),635 (+3),304 (+0),715 (+0),1154 (+0),484 (+0)
2021-04-24 03:00:03.682437,131 (+0),665 (+1),635 (+0),304 (+0),715 (+0),1154 (+0),484 (+0)
2021-04-24 04:00:03.636025,131 (+0),665 (+0),636 (+1),304 (+0),715 (+0),1154 (+0),484 (+0)
2021-04-24 05:00:03.001009,131 (+0),665 (+0),637 (+1),304 (+0),715 (+0),1154 (+0),484 (+0)
2021-04-24 06:00:03.723438,132 (+1),665 (+0),637 (+0),304 (+0),715 (+0),1154 (+0),484 (+0)
2021-04-24 07:00:03.467224,132 (+0),667 (+2),638 (+1),304 (+0),716 (+1),1154 (+0),484 (+0)
2021-04-24 08:00:02.876461,132 (+0),668 (+1),638 (+0),304 (+0),716 (+0),1154 (+0),485 (+1)
2021-04-24 09:00:03.882800,132 (+0),669 (+1),639 (+1),304 (+0),716 (+0),1154 (+0),485 (+0)
2021-04-24 10:00:03.696240,132 (+0),669 (+0),641 (+2),304 (+0),716 (+0),1154 (+0),486 (+1)
2021-04-24 11:00:03.077472,132 (+0),672 (+3),641 (+0),304 (+0),716 (+0),1154 (+0),486 (+0)
2021-04-24 12:00:03.242660,132 (+0),673 (+1),641 (+0),304 (+0),716 (+0),1154 (+0),487 (+1)
2021-04-24 13:00:03.160527,132 (+0),674 (+1),641 (+0),304 (+0),716 (+0),1154 (+0),487 (+0)
2021-04-24 14:00:03.127040,132 (+0),675 (+1),642 (+1),304 (+0),716 (+0),1154 (+0),487 (+0)
2021-04-24 15:00:03.193403,132 (+0),676 (+1),642 (+0),304 (+0),716 (+0),1154 (+0),488 (+1)
2021-04-24 16:00:03.781315,132 (+0),677 (+1),643 (+1),304 (+0),716 (+0),1154 (+0),488 (+0)
2021-04-24 17:00:03.672523,132 (+0),677 (+0),643 (+0),304 (+0),716 (+0),1154 (+0),488 (+0)
2021-04-24 18:00:03.329670,132 (+0),678 (+1),643 (+0),304 (+0),716 (+0),1154 (+0),488 (+0)
2021-04-24 19:00:03.334229,132 (+0),678 (+0),643 (+0),304 (+0),716 (+0),1154 (+0),488 (+0)
2021-04-24 20:00:03.011025,132 (+0),679 (+1),643 (+0),304 (+0),716 (+0),1154 (+0),488 (+0)
2021-04-24 21:00:03.507031,132 (+0),679 (+0),643 (+0),304 (+0),716 (+0),1154 (+0),488 (+0)
2021-04-24 22:00:03.431316,132 (+0),681 (+2),643 (+0),304 (+0),716 (+0),1154 (+0),488 (+0)
2021-04-24 23:00:03.513728,132 (+0),681 (+0),644 (+1),304 (+0),716 (+0),1154 (+0),488 (+0)
2021-04-25 00:00:03.884304,132 (+0),681 (+0),645 (+1),304 (+0),716 (+0),1154 (+0),488 (+0)
2021-04-25 01:00:03.515245,132 (+0),681 (+0),645 (+0),304 (+0),716 (+0),1154 (+0),488 (+0)
2021-04-25 02:00:03.972466,132 (+0),681 (+0),646 (+1),304 (+0),716 (+0),1154 (+0),488 (+0)
2021-04-25 03:00:03.232226,132 (+0),682 (+1),648 (+2),304 (+0),716 (+0),1154 (+0),488 (+0)
2021-04-25 04:00:03.502791,132 (+0),682 (+0),650 (+2),304 (+0),716 (+0),1154 (+0),488 (+0)
2021-04-25 05:00:03.186032,132 (+0),682 (+0),650 (+0),304 (+0),716 (+0),1154 (+0),488 (+0)
2021-04-25 06:00:02.941841,133 (+1),683 (+1),650 (+0),304 (+0),716 (+0),1154 (+0),488 (+0)
2021-04-25 07:00:03.109579,133 (+0),683 (+0),651 (+1),304 (+0),717 (+1),1154 (+0),488 (+0)
2021-04-25 08:00:03.499717,133 (+0),684 (+1),652 (+1),304 (+0),717 (+0),1154 (+0),489 (+1)
2021-04-25 09:00:03.467663,133 (+0),684 (+0),652 (+0),304 (+0),717 (+0),1154 (+0),489 (+0)
2021-04-25 10:00:03.414360,133 (+0),685 (+1),653 (+1),304 (+0),717 (+0),1154 (+0),490 (+1)
2021-04-25 11:00:03.629208,133 (+0),686 (+1),653 (+0),304 (+0),717 (+0),1154 (+0),490 (+0)
2021-04-25 12:00:03.646584,133 (+0),689 (+3),653 (+0),304 (+0),717 (+0),1154 (+0),491 (+1)
2021-04-25 13:00:02.946786,133 (+0),689 (+0),653 (+0),304 (+0),717 (+0),1154 (+0),491 (+0)
2021-04-25 14:00:03.585764,133 (+0),689 (+0),653 (+0),304 (+0),717 (+0),1154 (+0),492 (+1)
2021-04-25 15:00:03.503001,133 (+0),689 (+0),653 (+0),304 (+0),717 (+0),1154 (+0),493 (+1)
2021-04-25 16:00:03.723322,133 (+0),690 (+1),653 (+0),304 (+0),717 (+0),1154 (+0),493 (+0)
2021-04-25 17:00:03.168669,133 (+0),690 (+0),655 (+2),304 (+0),717 (+0),1154 (+0),493 (+0)
2021-04-25 18:00:03.600104,133 (+0),691 (+1),655 (+0),304 (+0),717 (+0),1154 (+0),493 (+0)
2021-04-25 19:00:03.685845,133 (+0),691 (+0),655 (+0),304 (+0),717 (+0),1156 (+2),493 (+0)
2021-04-25 20:00:03.306855,133 (+0),691 (+0),655 (+0),304 (+0),717 (+0),1158 (+2),493 (+0)
2021-04-25 21:00:03.163046,133 (+0),691 (+0),655 (+0),304 (+0),717 (+0),1160 (+2),493 (+0)
2021-04-25 22:00:03.216059,133 (+0),692 (+1),655 (+0),304 (+0),717 (+0),1169 (+9),493 (+0)
2021-04-25 23:00:03.611551,133 (+0),692 (+0),657 (+2),304 (+0),717 (+0),1174 (+5),493 (+0)
2021-04-26 00:00:09.510507,133 (+0),692 (+0),657 (+0),304 (+0),717 (+0),1174 (+0),493 (+0)
2021-04-26 01:00:02.837021,133 (+0),692 (+0),658 (+1),304 (+0),717 (+0),1175 (+1),494 (+1)
2021-04-26 02:00:03.133226,133 (+0),692 (+0),659 (+1),304 (+0),717 (+0),1175 (+0),494 (+0)
2021-04-26 03:00:03.149369,133 (+0),693 (+1),659 (+0),304 (+0),717 (+0),1176 (+1),494 (+0)
2021-04-26 04:00:03.055138,133 (+0),693 (+0),659 (+0),304 (+0),717 (+0),1177 (+1),494 (+0)
2021-04-26 05:00:03.020761,134 (+1),693 (+0),659 (+0),304 (+0),719 (+2),1177 (+0),494 (+0)
2021-04-26 06:00:03.004346,135 (+1),693 (+0),659 (+0),304 (+0),730 (+11),1182 (+5),494 (+0)
2021-04-26 07:00:02.902229,135 (+0),694 (+1),660 (+1),304 (+0),730 (+0),1183 (+1),495 (+1)
2021-04-26 08:00:03.008883,135 (+0),694 (+0),661 (+1),304 (+0),730 (+0),1184 (+1),496 (+1)
2021-04-26 09:00:03.140226,135 (+0),695 (+1),661 (+0),304 (+0),731 (+1),1184 (+0),498 (+2)
2021-04-26 10:00:03.444350,135 (+0),695 (+0),661 (+0),304 (+0),732 (+1),1187 (+3),499 (+1)
2021-04-26 11:00:03.283783,135 (+0),695 (+0),661 (+0),304 (+0),732 (+0),1191 (+4),500 (+1)
2021-04-26 12:00:03.247453,135 (+0),695 (+0),661 (+0),304 (+0),740 (+8),1194 (+3),502 (+2)
2021-04-26 13:00:03.291697,135 (+0),696 (+1),661 (+0),304 (+0),740 (+0),1196 (+2),503 (+1)
2021-04-26 14:00:02.986298,135 (+0),696 (+0),661 (+0),304 (+0),740 (+0),1196 (+0),505 (+2)
2021-04-26 15:00:03.078812,135 (+0),698 (+2),661 (+0),304 (+0),745 (+5),1196 (+0),507 (+2)
2021-04-26 16:00:03.063115,135 (+0),699 (+1),661 (+0),304 (+0),745 (+0),1196 (+0),509 (+2)
2021-04-26 17:00:03.338525,135 (+0),700 (+1),661 (+0),304 (+0),745 (+0),1200 (+4),511 (+2)
2021-04-26 18:00:03.505420,135 (+0),700 (+0),661 (+0),304 (+0),745 (+0),1206 (+6),511 (+0)
2021-04-26 19:00:03.433381,135 (+0),701 (+1),661 (+0),304 (+0),745 (+0),1215 (+9),511 (+0)
2021-04-26 20:00:03.184792,135 (+0),702 (+1),662 (+1),304 (+0),745 (+0),1221 (+6),511 (+0)
2021-04-26 21:00:03.253904,135 (+0),702 (+0),662 (+0),304 (+0),745 (+0),1221 (+0),511 (+0)
2021-04-26 22:00:03.621680,135 (+0),702 (+0),664 (+2),304 (+0),745 (+0),1229 (+8),511 (+0)
2021-04-26 23:00:03.157690,135 (+0),702 (+0),665 (+1),304 (+0),745 (+0),1239 (+10),511 (+0)
2021-04-27 00:00:05.407824,135 (+0),702 (+0),667 (+2),304 (+0),745 (+0),1244 (+5),511 (+0)
2021-04-27 01:00:03.702265,135 (+0),703 (+1),668 (+1),304 (+0),745 (+0),1247 (+3),511 (+0)
2021-04-27 02:00:03.445696,135 (+0),703 (+0),668 (+0),304 (+0),745 (+0),1247 (+0),511 (+0)
2021-04-27 03:00:03.176910,135 (+0),703 (+0),668 (+0),304 (+0),745 (+0),1247 (+0),511 (+0)
2021-04-27 04:00:03.701266,135 (+0),703 (+0),669 (+1),304 (+0),745 (+0),1250 (+3),511 (+0)
2021-04-27 05:00:02.848216,136 (+1),703 (+0),670 (+1),304 (+0),747 (+2),1254 (+4),511 (+0)
2021-04-27 06:00:03.054042,136 (+0),703 (+0),671 (+1),304 (+0),756 (+9),1258 (+4),511 (+0)
2021-04-27 07:00:02.828402,136 (+0),706 (+3),673 (+2),304 (+0),756 (+0),1261 (+3),513 (+2)
2021-04-27 08:00:03.143226,136 (+0),708 (+2),673 (+0),314 (+10),756 (+0),1262 (+1),513 (+0)
2021-04-27 09:00:03.364209,136 (+0),710 (+2),673 (+0),316 (+2),756 (+0),1265 (+3),516 (+3)
2021-04-27 10:00:04.872053,136 (+0),711 (+1),673 (+0),318 (+2),760 (+4),1265 (+0),518 (+2)
2021-04-27 11:00:03.264235,136 (+0),715 (+4),674 (+1),319 (+1),762 (+2),1265 (+0),519 (+1)
2021-04-27 12:00:03.600393,136 (+0),715 (+0),674 (+0),319 (+0),762 (+0),1265 (+0),522 (+3)
2021-04-27 13:00:03.672788,136 (+0),717 (+2),674 (+0),319 (+0),762 (+0),1265 (+0),524 (+2)
2021-04-27 14:00:03.733944,136 (+0),719 (+2),674 (+0),319 (+0),762 (+0),1265 (+0),526 (+2)
2021-04-27 15:00:03.604004,136 (+0),721 (+2),674 (+0),319 (+0),762 (+0),1265 (+0),527 (+1)
2021-04-27 16:00:03.342591,136 (+0),722 (+1),674 (+0),319 (+0),764 (+2),1271 (+6),529 (+2)
2021-04-27 17:00:02.820150,136 (+0),723 (+1),675 (+1),319 (+0),764 (+0),1278 (+7),529 (+0)
2021-04-27 18:00:03.336768,136 (+0),723 (+0),675 (+0),319 (+0),764 (+0),1284 (+6),529 (+0)
2021-04-27 19:00:02.833654,136 (+0),724 (+1),675 (+0),319 (+0),764 (+0),1292 (+8),529 (+0)
2021-04-27 20:00:03.776044,136 (+0),726 (+2),675 (+0),319 (+0),764 (+0),1296 (+4),529 (+0)
2021-04-27 21:00:03.115330,136 (+0),727 (+1),677 (+2),319 (+0),764 (+0),1296 (+0),529 (+0)
2021-04-27 22:00:03.300660,136 (+0),728 (+1),678 (+1),319 (+0),764 (+0),1306 (+10),529 (+0)
2021-04-27 23:00:03.342654,136 (+0),728 (+0),679 (+1),319 (+0),764 (+0),1313 (+7),529 (+0)
2021-04-28 00:00:03.287703,136 (+0),728 (+0),681 (+2),319 (+0),764 (+0),1314 (+1),529 (+0)
2021-04-28 01:00:03.352207,136 (+0),730 (+2),683 (+2),319 (+0),764 (+0),1314 (+0),529 (+0)
2021-04-28 02:00:03.175626,136 (+0),731 (+1),684 (+1),319 (+0),764 (+0),1314 (+0),529 (+0)
2021-04-28 03:00:03.626187,136 (+0),732 (+1),685 (+1),319 (+0),764 (+0),1314 (+0),529 (+0)
2021-04-28 04:00:02.857150,136 (+0),732 (+0),686 (+1),319 (+0),764 (+0),1314 (+0),529 (+0)
2021-04-28 05:00:04.050821,136 (+0),732 (+0),687 (+1),319 (+0),764 (+0),1320 (+6),529 (+0)
2021-04-28 06:00:03.629233,136 (+0),734 (+2),689 (+2),319 (+0),775 (+11),1320 (+0),529 (+0)
2021-04-28 07:00:02.926280,136 (+0),737 (+3),690 (+1),319 (+0),775 (+0),1321 (+1),530 (+1)
2021-04-28 08:00:03.405494,136 (+0),739 (+2),691 (+1),329 (+10),776 (+1),1322 (+1),532 (+2)
2021-04-28 09:00:02.992724,137 (+1),739 (+0),694 (+3),329 (+0),780 (+4),1323 (+1),533 (+1)
2021-04-28 10:00:03.179364,137 (+0),743 (+4),696 (+2),329 (+0),782 (+2),1323 (+0),534 (+1)
2021-04-28 11:00:03.055873,137 (+0),745 (+2),699 (+3),329 (+0),788 (+6),1323 (+0),535 (+1)
2021-04-28 12:00:03.233482,137 (+0),749 (+4),701 (+2),329 (+0),788 (+0),1323 (+0),536 (+1)
2021-04-28 13:00:03.610479,137 (+0),750 (+1),701 (+0),329 (+0),788 (+0),1323 (+0),538 (+2)
2021-04-28 14:00:03.499118,137 (+0),752 (+2),704 (+3),329 (+0),788 (+0),1323 (+0),541 (+3)
2021-04-28 15:00:02.981061,137 (+0),754 (+2),704 (+0),329 (+0),788 (+0),1323 (+0),544 (+3)
2021-04-28 16:00:03.494496,137 (+0),755 (+1),705 (+1),329 (+0),790 (+2),1323 (+0),546 (+2)
2021-04-28 17:00:03.509720,137 (+0),756 (+1),706 (+1),329 (+0),790 (+0),1331 (+8),548 (+2)
2021-04-28 18:00:03.368793,137 (+0),756 (+0),706 (+0),329 (+0),790 (+0),1340 (+9),549 (+1)
2021-04-28 19:00:03.582096,137 (+0),758 (+2),706 (+0),329 (+0),790 (+0),1350 (+10),549 (+0)
2021-04-28 20:00:03.122527,137 (+0),758 (+0),706 (+0),329 (+0),790 (+0),1353 (+3),549 (+0)
2021-04-28 21:00:03.395993,137 (+0),758 (+0),706 (+0),329 (+0),790 (+0),1354 (+1),549 (+0)
2021-04-28 22:00:03.824524,137 (+0),759 (+1),707 (+1),329 (+0),790 (+0),1364 (+10),549 (+0)
2021-04-28 23:00:03.246093,137 (+0),759 (+0),709 (+2),329 (+0),790 (+0),1374 (+10),549 (+0)
2021-04-29 00:00:04.767093,137 (+0),759 (+0),710 (+1),329 (+0),790 (+0),1383 (+9),549 (+0)
2021-04-29 01:00:03.654019,137 (+0),759 (+0),711 (+1),329 (+0),790 (+0),1383 (+0),549 (+0)
2021-04-29 02:00:03.489346,137 (+0),759 (+0),711 (+0),329 (+0),790 (+0),1383 (+0),549 (+0)
2021-04-29 03:00:03.033051,137 (+0),760 (+1),711 (+0),329 (+0),790 (+0),1385 (+2),549 (+0)
2021-04-29 04:00:03.608155,137 (+0),761 (+1),711 (+0),329 (+0),790 (+0),1387 (+2),549 (+0)
2021-04-29 05:00:02.921625,138 (+1),762 (+1),711 (+0),329 (+0),791 (+1),1389 (+2),549 (+0)
2021-04-29 06:00:03.550967,138 (+0),762 (+0),712 (+1),329 (+0),800 (+9),1389 (+0),549 (+0)
2021-04-29 07:00:05.312929,138 (+0),764 (+2),712 (+0),329 (+0),801 (+1),1393 (+4),551 (+2)
2021-04-29 08:00:02.890810,138 (+0),764 (+0),712 (+0),329 (+0),803 (+2),1395 (+2),552 (+1)
2021-04-29 09:00:03.239910,138 (+0),765 (+1),712 (+0),329 (+0),805 (+2),1395 (+0),553 (+1)
2021-04-29 10:00:03.211067,138 (+0),767 (+2),713 (+1),329 (+0),806 (+1),1399 (+4),556 (+3)
2021-04-29 11:00:03.726663,138 (+0),770 (+3),715 (+2),329 (+0),814 (+8),1399 (+0),557 (+1)
2021-04-29 12:00:02.973899,138 (+0),771 (+1),715 (+0),329 (+0),815 (+1),1399 (+0),559 (+2)
2021-04-29 13:00:03.278756,138 (+0),772 (+1),715 (+0),329 (+0),815 (+0),1399 (+0),561 (+2)
2021-04-29 14:00:03.820389,138 (+0),772 (+0),715 (+0),329 (+0),819 (+4),1399 (+0),563 (+2)
2021-04-29 15:00:03.071998,138 (+0),774 (+2),715 (+0),329 (+0),819 (+0),1399 (+0),566 (+3)
2021-04-29 16:00:03.477693,138 (+0),774 (+0),715 (+0),329 (+0),819 (+0),1404 (+5),568 (+2)
2021-04-29 17:00:03.646435,138 (+0),776 (+2),716 (+1),329 (+0),819 (+0),1413 (+9),570 (+2)
2021-04-29 18:00:03.644440,138 (+0),776 (+0),716 (+0),329 (+0),819 (+0),1416 (+3),570 (+0)
2021-04-29 19:00:03.250556,138 (+0),776 (+0),716 (+0),329 (+0),819 (+0),1421 (+5),570 (+0)
2021-04-29 20:00:03.389213,138 (+0),776 (+0),716 (+0),329 (+0),819 (+0),1423 (+2),570 (+0)
2021-04-29 21:00:03.322825,138 (+0),776 (+0),717 (+1),329 (+0),819 (+0),1424 (+1),570 (+0)
2021-04-29 22:00:03.567054,138 (+0),776 (+0),717 (+0),329 (+0),819 (+0),1433 (+9),570 (+0)
2021-04-29 23:00:03.367328,138 (+0),776 (+0),718 (+1),329 (+0),819 (+0),1443 (+10),570 (+0)
2021-04-30 00:00:04.119824,138 (+0),776 (+0),718 (+0),329 (+0),819 (+0),1446 (+3),570 (+0)
2021-04-30 01:00:03.754933,138 (+0),776 (+0),718 (+0),329 (+0),819 (+0),1456 (+10),570 (+0)
2021-04-30 02:00:03.264658,138 (+0),776 (+0),718 (+0),329 (+0),819 (+0),1456 (+0),570 (+0)
2021-04-30 03:00:03.166003,138 (+0),776 (+0),718 (+0),339 (+10),819 (+0),1457 (+1),570 (+0)
2021-04-30 04:00:03.089328,138 (+0),776 (+0),719 (+1),340 (+1),819 (+0),1457 (+0),570 (+0)
2021-04-30 05:00:03.691112,139 (+1),776 (+0),720 (+1),340 (+0),821 (+2),1457 (+0),570 (+0)
2021-04-30 06:00:03.393378,140 (+1),776 (+0),721 (+1),340 (+0),831 (+10),1459 (+2),570 (+0)
2021-04-30 07:00:03.570896,140 (+0),776 (+0),722 (+1),340 (+0),831 (+0),1460 (+1),571 (+1)
2021-04-30 08:00:03.251314,140 (+0),777 (+1),723 (+1),340 (+0),833 (+2),1460 (+0),571 (+0)
2021-04-30 09:00:03.426024,140 (+0),777 (+0),725 (+2),340 (+0),834 (+1),1461 (+1),572 (+1)
2021-04-30 10:00:03.506363,140 (+0),779 (+2),726 (+1),340 (+0),834 (+0),1469 (+8),574 (+2)
2021-04-30 11:00:03.444641,141 (+1),781 (+2),726 (+0),340 (+0),835 (+1),1469 (+0),576 (+2)
2021-04-30 12:00:03.030489,141 (+0),781 (+0),726 (+0),340 (+0),840 (+5),1469 (+0),579 (+3)
2021-04-30 13:00:03.755399,141 (+0),782 (+1),726 (+0),340 (+0),841 (+1),1469 (+0),581 (+2)
2021-04-30 14:00:03.511877,141 (+0),785 (+3),726 (+0),340 (+0),841 (+0),1469 (+0),582 (+1)
2021-04-30 15:00:02.781926,141 (+0),786 (+1),726 (+0),340 (+0),841 (+0),1469 (+0),584 (+2)
2021-04-30 16:00:03.055439,141 (+0),787 (+1),726 (+0),340 (+0),841 (+0),1469 (+0),586 (+2)
2021-04-30 17:00:03.309206,142 (+1),787 (+0),726 (+0),340 (+0),841 (+0),1469 (+0),587 (+1)
2021-04-30 18:00:03.584603,142 (+0),787 (+0),726 (+0),340 (+0),841 (+0),1471 (+2),587 (+0)
2021-04-30 19:00:03.107730,142 (+0),789 (+2),726 (+0),340 (+0),841 (+0),1476 (+5),587 (+0)
2021-04-30 20:00:03.748968,142 (+0),791 (+2),726 (+0),340 (+0),841 (+0),1481 (+5),587 (+0)
2021-04-30 20:35:40.460705,142 (+0),791 (+0),726 (+0),340 (+0),841 (+0),1481 (+0),587 (+0)
2021-04-30 20:37:02.957628,142 (+0),791 (+0),726 (+0),340 (+0),841 (+0),1481 (+0),587 (+0)
2021-04-30 21:00:02.490750,142 (+0),791 (+0),726 (+0),340 (+0),841 (+0),1481 (+0),587 (+0)
2021-04-30 22:00:03.114602,142 (+0),791 (+0),726 (+0),340 (+0),841 (+0),1481 (+0),587 (+0)
2021-04-30 23:00:02.997539,142 (+0),791 (+0),726 (+0),340 (+0),841 (+0),1481 (+0),587 (+0)
2021-05-01 00:00:02.654548,142 (+0),791 (+0),726 (+0),340 (+0),841 (+0),1481 (+0),587 (+0)
2021-05-01 01:00:02.239059,142 (+0),791 (+0),727 (+1),340 (+0),841 (+0),1481 (+0),587 (+0)
2021-05-01 02:00:02.157088,142 (+0),791 (+0),727 (+0),340 (+0),841 (+0),1481 (+0),587 (+0)
2021-05-01 03:00:02.667512,142 (+0),791 (+0),727 (+0),340 (+0),841 (+0),1481 (+0),587 (+0)
2021-05-01 04:00:02.684032,142 (+0),791 (+0),727 (+0),340 (+0),841 (+0),1481 (+0),587 (+0)
2021-05-01 05:00:02.490903,142 (+0),791 (+0),728 (+1),340 (+0),841 (+0),1481 (+0),587 (+0)
2021-05-01 06:00:02.752837,143 (+1),793 (+2),729 (+1),340 (+0),841 (+0),1481 (+0),587 (+0)
2021-05-01 07:00:02.588470,143 (+0),793 (+0),729 (+0),340 (+0),842 (+1),1481 (+0),587 (+0)
2021-05-01 08:00:02.453080,143 (+0),794 (+1),729 (+0),340 (+0),842 (+0),1481 (+0),588 (+1)
2021-05-01 09:00:02.706979,143 (+0),796 (+2),730 (+1),340 (+0),842 (+0),1481 (+0),588 (+0)
2021-05-01 10:00:02.508827,143 (+0),798 (+2),730 (+0),340 (+0),842 (+0),1481 (+0),589 (+1)
2021-05-01 11:00:02.618041,143 (+0),798 (+0),730 (+0),340 (+0),842 (+0),1481 (+0),589 (+0)
2021-05-01 12:00:01.992379,143 (+0),798 (+0),731 (+1),340 (+0),842 (+0),1481 (+0),590 (+1)
2021-05-01 13:00:02.574432,143 (+0),799 (+1),731 (+0),340 (+0),842 (+0),1481 (+0),591 (+1)
2021-05-01 14:00:03.795905,143 (+0),799 (+0),731 (+0),340 (+0),842 (+0),1481 (+0),592 (+1)
2021-05-01 15:00:02.958964,143 (+0),800 (+1),731 (+0),340 (+0),842 (+0),1481 (+0),593 (+1)
2021-05-01 16:00:03.281130,143 (+0),801 (+1),731 (+0),340 (+0),842 (+0),1481 (+0),593 (+0)
2021-05-01 17:00:02.898071,143 (+0),802 (+1),731 (+0),340 (+0),842 (+0),1481 (+0),593 (+0)
2021-05-01 18:00:02.908175,143 (+0),803 (+1),731 (+0),340 (+0),842 (+0),1481 (+0),593 (+0)
2021-05-01 19:00:02.313885,143 (+0),804 (+1),731 (+0),340 (+0),842 (+0),1481 (+0),593 (+0)
2021-05-01 20:00:02.889307,143 (+0),806 (+2),731 (+0),340 (+0),842 (+0),1481 (+0),593 (+0)
2021-05-01 22:00:02.800914,143 (+0),810 (+4),731 (+0),340 (+0),842 (+0),1481 (+0),593 (+0)
2021-05-01 23:00:03.399842,143 (+0),810 (+1),731 (+0),340 (+0),842 (+0),1481 (+0),593 (+0)
2021-05-02 00:00:03.576266,143 (+0),811 (+1),734 (+3),340 (+0),842 (+0),1481 (+0),593 (+0)
2021-05-02 01:00:02.836420,143 (+0),812 (+1),737 (+3),340 (+0),842 (+0),1481 (+0),593 (+0)
2021-05-02 15:00:03.936755,144 (+1),814 (+2),743 (+6),340 (+0),843 (+1),1481 (+0),601 (+8)
2021-05-02 16:00:03.108891,144 (+0),814 (+0),744 (+1),340 (+0),843 (+0),1481 (+0),603 (+2)
2021-05-02 17:00:02.600257,144 (+0),814 (+0),746 (+2),340 (+0),843 (+0),1481 (+0),604 (+1)
2021-05-02 18:00:02.383640,144 (+0),814 (+0),746 (+0),340 (+0),843 (+0),1481 (+0),604 (+0)
2021-05-02 19:00:03.234163,144 (+0),814 (+0),746 (+0),340 (+0),843 (+0),1481 (+0),604 (+0)
2021-05-02 20:00:03.139743,144 (+0),814 (+0),746 (+0),340 (+0),843 (+0),1484 (+3),604 (+0)
2021-05-02 21:00:02.838525,144 (+0),814 (+0),746 (+0),340 (+0),843 (+0),1485 (+1),604 (+0)
2021-05-02 22:00:02.370380,144 (+0),814 (+0),746 (+0),340 (+0),843 (+0),1492 (+7),604 (+0)
2021-05-02 23:00:02.740448,144 (+0),814 (+0),748 (+2),340 (+0),843 (+0),1502 (+10),604 (+0)
2021-05-03 00:00:03.522958,144 (+0),814 (+0),749 (+1),340 (+0),843 (+0),1502 (+0),604 (+0)
2021-05-03 01:00:02.677863,144 (+0),816 (+2),749 (+0),340 (+0),843 (+0),1502 (+0),604 (+0)
2021-05-03 02:00:02.421991,144 (+0),816 (+0),749 (+0),340 (+0),843 (+0),1502 (+0),604 (+0)
2021-05-03 03:00:03.320649,144 (+0),818 (+2),749 (+0),340 (+0),843 (+0),1502 (+0),604 (+0)
2021-05-03 04:00:02.635467,144 (+0),819 (+1),749 (+0),340 (+0),843 (+0),1503 (+1),604 (+0)
2021-05-03 05:00:03.338952,145 (+1),820 (+1),750 (+1),340 (+0),845 (+2),1505 (+2),604 (+0)
2021-05-03 06:00:03.004096,146 (+1),822 (+2),750 (+0),340 (+0),853 (+8),1505 (+0),604 (+0)
2021-05-03 07:00:02.505734,146 (+0),823 (+1),750 (+0),340 (+0),853 (+0),1512 (+7),604 (+0)
2021-05-03 08:00:03.380817,146 (+0),824 (+1),751 (+1),340 (+0),853 (+0),1513 (+1),605 (+1)
2021-05-03 09:00:03.196605,146 (+0),825 (+1),752 (+1),340 (+0),856 (+3),1516 (+3),606 (+1)
2021-05-03 12:00:03.289781,146 (+0),829 (+4),754 (+2),340 (+0),869 (+13),1523 (+7),610 (+4)
2021-05-03 13:00:02.525227,146 (+0),831 (+2),754 (+0),869 (+0),1523 (+0),612 (+2)
2021-05-03 14:00:03.420066,146 (+0),832 (+1),754 (+0),869 (+0),1523 (+0),613 (+1)
2021-05-03 15:00:02.648757,146 (+0),833 (+1),754 (+0),873 (+4),1523 (+0),615 (+2)
2021-05-03 16:00:02.594571,146 (+0),833 (+0),754 (+0),873 (+0),1525 (+2),617 (+2)
2021-05-03 17:00:04.161484,146 (+0),835 (+2),754 (+0),873 (+0),1534 (+9),619 (+2)
2021-05-03 18:00:03.458708,146 (+0),835 (+0),754 (+0),873 (+0),1539 (+5),621 (+2)
2021-05-03 19:00:02.991128,146 (+0),835 (+0),754 (+0),873 (+0),1541 (+2),621 (+0)
2021-05-03 20:00:02.543585,146 (+0),835 (+0),755 (+1),873 (+0),1543 (+2),621 (+0)
2021-05-03 21:00:03.024703,146 (+0),836 (+1),756 (+1),873 (+0),1545 (+2),621 (+0)
2021-05-03 23:00:04.262825,146 (+0),836 (+0),757 (+1),873 (+0),1555 (+10),621 (+0)
2021-05-04 00:00:03.364754,146 (+0),837 (+1),757 (+0),873 (+0),1555 (+0),621 (+0)
2021-05-04 01:00:02.772767,146 (+0),837 (+0),757 (+0),873 (+0),1555 (+0),621 (+0)
2021-05-04 02:00:02.186363,146 (+0),837 (+0),758 (+1),873 (+0),1555 (+0),621 (+0)
2021-05-04 11:00:04.127352,147 (+1),840 (+3),761 (+3),888 (+15),1565 (+10),626 (+5)
2021-05-04 12:00:02.466321,147 (+0),841 (+1),761 (+0),888 (+0),1565 (+0),628 (+2)
2021-05-04 13:00:02.761404,147 (+0),841 (+0),762 (+1),896 (+8),1565 (+0),630 (+2)
